<step title="Incoming Request" date="2026-01-21T07:28:04.572" instance="89efd1" url="/api/publish?type=zip" method="POST" type="request" pid="1428,2,7" Cache-Control="no-cache" Content-Length="37848785" Content-Type="application/octet-stream" Accept="*/*" Accept-Encoding="gzip, deflate" Authorization="Bea..." Host="filesvc-stg-app.scm.chinacloudsites.cn" User-Agent="AZURECLI/2.77.0 (MSI)" x-ms-client-request-id="b66e103b-f69a-11f0-ad77-c4cb7696db44" X-ARR-LOG-ID="b66e103b-f69a-11f0-ad77-c4cb7696db44" CLIENT-IP="123.123.134.23:10309" X-SITE-DEPLOYMENT-ID="filesvc-stg-app" WAS-DEFAULT-HOSTNAME="filesvc-stg-app.scm.chinacloudsites.cn" X-Forwarded-Proto="https" X-AppService-Proto="https" X-Forwarded-TlsVersion="1.3" X-WAWS-Unencoded-URL="/api/publish?type=zip" >
  <step title="Cleanup Xml Logs" date="2026-01-21T07:28:04.572" /><!-- duration: 0ms -->
  <step title="OneDeploy" date="2026-01-21T07:28:04.604" >
    <step title="Starting PushDeployAsync" date="2026-01-21T07:28:04.604" /><!-- duration: 0ms -->
    <step title="Updating shutdown sentinel last write time" date="2026-01-21T07:28:04.622" SemaphoreCount="7" /><!-- duration: 0ms -->
    <step title="LockFile &apos;C:\home\site\locks\deployments.lock&apos; acquired" date="2026-01-21T07:28:04.635" /><!-- duration: 0ms -->
    <step title="Saving request content to C:\local\Temp\zipdeploy\1m3fjtz3.zip" date="2026-01-21T07:28:04.635" >
      <step title="Total 37,848,785 bytes written to C:\local\Temp\zipdeploy\1m3fjtz3.zip" date="2026-01-21T07:28:20.963" /><!-- duration: 0ms -->
    </step><!-- duration: 16328ms -->
    <step title="LockFile &apos;C:\home\site\locks\deployments.lock&apos; released" date="2026-01-21T07:28:20.963" /><!-- duration: 0ms -->
    <step title="Deleting shutdown sentinel file" date="2026-01-21T07:28:20.963" SemaphoreCount="8" /><!-- duration: 52ms -->
    <step title="Starting FetchDeploy" date="2026-01-21T07:28:21.015" /><!-- duration: 0ms -->
    <step title="Attempting to fetch target branch HEAD" date="2026-01-21T07:28:21.015" /><!-- duration: 11ms -->
    <step title="Updating shutdown sentinel last write time" date="2026-01-21T07:28:21.026" SemaphoreCount="7" /><!-- duration: 0ms -->
    <step title="LockFile &apos;C:\home\site\locks\deployments.lock&apos; acquired" date="2026-01-21T07:28:21.026" /><!-- duration: 0ms -->
    <step title="Performing fetch based deployment" date="2026-01-21T07:28:21.041" >
      <step title="Creating temporary deployment" date="2026-01-21T07:28:21.041" /><!-- duration: 34ms -->
      <step title="Fetching changes." date="2026-01-21T07:28:21.105" /><!-- duration: 0ms -->
      <step title="Starting LocalZipHandler" date="2026-01-21T07:28:21.119" /><!-- duration: 0ms -->
      <step title="Starting LocalZipFetch" date="2026-01-21T07:28:21.119" /><!-- duration: 0ms -->
      <step title="Cleaning up temp folders from previous zip deployments and extracting pushed zip file C:\local\Temp\zipdeploy\1m3fjtz3.zip (36.10 MB) to C:\local\Temp\zipdeploy\extracted" date="2026-01-21T07:28:21.119" /><!-- duration: 0ms -->
      <step title="Cleaning up temp folders from previous zip deployments and extracting pushed zip file C:\local\Temp\zipdeploy\1m3fjtz3.zip (36.10 MB) to C:\local\Temp\zipdeploy\extracted" date="2026-01-21T07:28:21.135" >
        <step title="Renaming extractTargetDirectory(C:\local\Temp\zipdeploy\extracted) to tempDirectory(C:\local\Temp\zipdeploy\w4viezjm.mjw)" date="2026-01-21T07:28:21.135" /><!-- duration: 0ms -->
        <step title="Extracting 123 entries to C:\local\Temp\zipdeploy\extracted directory" date="2026-01-21T07:28:21.325" >
          <step title="Extracting to C:\local\Temp\zipdeploy\extracted\runtimes\browser-wasm\nativeassets\net9.0\e_sqlite3.a ..." date="2026-01-21T07:28:21.355" /><!-- duration: 61ms -->
          <step title="Extracting to C:\local\Temp\zipdeploy\extracted\runtimes\linux-arm\native\libe_sqlite3.so ..." date="2026-01-21T07:28:21.435" /><!-- duration: 60ms -->
          <step title="Extracting to C:\local\Temp\zipdeploy\extracted\runtimes\linux-arm64\native\libe_sqlite3.so ..." date="2026-01-21T07:28:21.526" /><!-- duration: 80ms -->
          <step title="Extracting to C:\local\Temp\zipdeploy\extracted\runtimes\linux-armel\native\libe_sqlite3.so ..." date="2026-01-21T07:28:21.636" /><!-- duration: 80ms -->
          <step title="Extracting to C:\local\Temp\zipdeploy\extracted\runtimes\linux-mips64\native\libe_sqlite3.so ..." date="2026-01-21T07:28:21.729" /><!-- duration: 78ms -->
          <step title="Omitting extracting file traces ..." date="2026-01-21T07:28:21.838" /><!-- duration: 78ms -->
        </step><!-- duration: 4827ms -->
      </step><!-- duration: 5038ms -->
      <step title="None repository commit" date="2026-01-21T07:28:26.183" >
        <step title="Commit id: 8e44964d4ab04d119689bc4b9fe682fa" date="2026-01-21T07:28:26.183" Message="OneDeploy" AuthorName="N/A" AuthorEmail="N/A" /><!-- duration: 20ms -->
      </step><!-- duration: 31ms -->
      <step title="Before sending BuildRequestReceived status to /api/updatedeploystatus" date="2026-01-21T07:28:26.213" /><!-- duration: 20ms -->
      <step title="DeploymentManager.Deploy(id:8e44964d4ab04d119689bc4b9fe682fa)" date="2026-01-21T07:28:26.233" >
        <step title="Collecting changeset information" date="2026-01-21T07:28:26.244" /><!-- duration: 63ms -->
        <step title="Updating submodules" date="2026-01-21T07:28:26.307" >
          <step title="Updating submodules." date="2026-01-21T07:28:26.373" /><!-- duration: 0ms -->
        </step><!-- duration: 78ms -->
        <step title="Preparing deployment for commit id &apos;8e44964d4a&apos;." date="2026-01-21T07:28:26.453" /><!-- duration: 0ms -->
        <step title="Determining deployment builder" date="2026-01-21T07:28:26.512" >
          <step title="Builder is OneDeployBuilder" date="2026-01-21T07:28:26.512" /><!-- duration: 13ms -->
        </step><!-- duration: 13ms -->
        <step title="Copying SSH keys" date="2026-01-21T07:28:26.542" /><!-- duration: 50ms -->
        <step title="Building" date="2026-01-21T07:28:26.593" >
          <step title="Running build. Project type: OneDeploy" date="2026-01-21T07:28:26.622" /><!-- duration: 13ms -->
          <step title="Copying the manifest" date="2026-01-21T07:28:26.713" /><!-- duration: 0ms -->
          <step title="Clean deploying to C:\home\site\wwwroot" date="2026-01-21T07:28:26.791" /><!-- duration: 19ms -->
          <step title="Generating deployment script." date="2026-01-21T07:28:26.838" /><!-- duration: 19ms -->
          <step title="Generating deployment script" date="2026-01-21T07:28:26.869" >
            <step title="Using cached version of the deployment script for command: -y --no-dot-deployment -r &quot;C:\local\Temp\zipdeploy\extracted&quot; -o &quot;C:\home\site\deployments\tools&quot; --basic --sitePath &quot;C:\local\Temp\zipdeploy\extracted&quot;" date="2026-01-21T07:28:26.885" /><!-- duration: 0ms -->
            <step title="Using cached version of deployment script (command: &apos;azure -y --no-dot-deployment -r &quot;C:\local\Temp\zipdeploy\extracted&quot; -o &quot;C:\home\site\deployments\tools&quot; --basic --sitePath &quot;C:\local\Temp\zipdeploy\extracted&quot;&apos;)." date="2026-01-21T07:28:26.905" /><!-- duration: 11ms -->
          </step><!-- duration: 66ms -->
          <step title="Running deployment command..." date="2026-01-21T07:28:27.013" /><!-- duration: 0ms -->
          <step title="Command: &quot;C:\home\site\deployments\tools\deploy.cmd&quot;" date="2026-01-21T07:28:27.031" /><!-- duration: 10ms -->
          <step title="Executing external process" date="2026-01-21T07:28:27.060" type="process" path="starter.cmd" arguments="&quot;C:\home\site\deployments\tools\deploy.cmd&quot;" >
            <step title="Handling Basic Web Site deployment." date="2026-01-21T07:28:27.541" /><!-- duration: 19ms -->
            <step title="Creating app_offline.htm" date="2026-01-21T07:28:28.791" /><!-- duration: 0ms -->
            <step title="KuduSync.NET from: &apos;C:\local\Temp\zipdeploy\extracted&apos; to: &apos;C:\home\site\wwwroot&apos;" date="2026-01-21T07:28:28.807" /><!-- duration: 19ms -->
            <step title="Copying file: &apos;efbundle.exe&apos;" date="2026-01-21T07:28:28.838" /><!-- duration: 18ms -->
            <step title="Copying file: &apos;FileService.Api.deps.json&apos;" date="2026-01-21T07:28:28.856" /><!-- duration: 13ms -->
            <step title="Copying file: &apos;FileService.Api.dll&apos;" date="2026-01-21T07:28:28.886" /><!-- duration: 0ms -->
            <step title="Copying file: &apos;FileService.Api.exe&apos;" date="2026-01-21T07:28:28.906" /><!-- duration: 10ms -->
            <step title="Copying file: &apos;FileService.Api.pdb&apos;" date="2026-01-21T07:28:28.916" /><!-- duration: 20ms -->
            <step title="Copying file: &apos;FileService.Api.runtimeconfig.json&apos;" date="2026-01-21T07:28:28.936" /><!-- duration: 0ms -->
            <step title="Deleting app_offline.htm" date="2026-01-21T07:28:28.948" /><!-- duration: 0ms -->
            <step title="Finished successfully." date="2026-01-21T07:28:28.948" /><!-- duration: 0ms -->
          </step><!-- duration: 1888ms -->
          <step title="Build completed succesfully." date="2026-01-21T07:28:28.996" /><!-- duration: 20ms -->
          <step title="Running post deployment command(s)..." date="2026-01-21T07:28:29.057" /><!-- duration: 0ms -->
          <step title="Requesting site restart" date="2026-01-21T07:28:29.186" /><!-- duration: 0ms -->
          <step title="Requesting site restart" date="2026-01-21T07:28:29.198" /><!-- duration: 0ms -->
          <step title="Requesting site restart. Attempt #1" date="2026-01-21T07:28:29.229" /><!-- duration: 0ms -->
          <step title="Requesting site restart. Attempt #1" date="2026-01-21T07:28:29.246" /><!-- duration: 0ms -->
          <step title="Successfully requested a restart. Attempt #1" date="2026-01-21T07:28:29.369" /><!-- duration: 0ms -->
          <step title="Successfully requested a restart. Attempt #1" date="2026-01-21T07:28:29.388" /><!-- duration: 0ms -->
          <step title="Deployment successful. DEPLOYMENTINFO: deploymentPath = OneDeploy, deployer = OneDeploy, os = windows, sku = Basic, siteName = filesvc-stg-app, siteHostName = filesvc-stg-app.chinacloudsites.cn, deploymentStatus = Success" date="2026-01-21T07:28:29.479" /><!-- duration: 0ms -->
        </step><!-- duration: 2996ms -->
      </step><!-- duration: 3355ms -->
      <step title="Cleaning up temp files" date="2026-01-21T07:28:29.588" /><!-- duration: 0ms -->
      <step title="Skip function trigger and logicapp sync because function is not enabled." date="2026-01-21T07:28:29.608" /><!-- duration: 0ms -->
    </step><!-- duration: 8627ms -->
    <step title="LockFile &apos;C:\home\site\locks\deployments.lock&apos; released" date="2026-01-21T07:28:29.668" /><!-- duration: 0ms -->
    <step title="Deleting shutdown sentinel file" date="2026-01-21T07:28:29.668" SemaphoreCount="8" /><!-- duration: 14ms -->
  </step><!-- duration: 25078ms -->
  <step title="Outgoing response" date="2026-01-21T07:28:29.682" type="response" statusCode="200" statusText="OK" Server="Microsoft-IIS/10.0" x-ms-request-id="b66e103b-f69a-11f0-ad77-c4cb7696db44" Cache-Control="private" X-AspNet-Version="4.0.30319" /><!-- duration: 0ms -->
</step><!-- duration: 25109ms -->
