<step title="Incoming Request" date="2026-01-21T13:11:08.869" instance="89efd1" url="/api/publish?type=zip" method="POST" type="request" pid="7616,2,12" Cache-Control="no-cache" Content-Length="7798035" Content-Type="application/octet-stream" Accept="*/*" Accept-Encoding="gzip, deflate" Authorization="Bea..." Host="filesvc-stg-app.scm.chinacloudsites.cn" User-Agent="AZURECLI/2.80.0 (MSI)" x-ms-client-request-id="9c33e503-f6ca-11f0-8187-68ecc5669012" X-ARR-LOG-ID="9c33e503-f6ca-11f0-8187-68ecc5669012" CLIENT-IP="45.251.107.28:50952" X-SITE-DEPLOYMENT-ID="filesvc-stg-app" WAS-DEFAULT-HOSTNAME="filesvc-stg-app.scm.chinacloudsites.cn" X-Forwarded-Proto="https" X-AppService-Proto="https" X-Forwarded-TlsVersion="1.3" X-WAWS-Unencoded-URL="/api/publish?type=zip" >
  <step title="Cleanup Xml Logs" date="2026-01-21T13:11:08.869" /><!-- duration: 16ms -->
  <step title="OneDeploy" date="2026-01-21T13:11:09.849" >
    <step title="Starting PushDeployAsync" date="2026-01-21T13:11:09.868" /><!-- duration: 0ms -->
    <step title="Updating shutdown sentinel last write time" date="2026-01-21T13:11:09.880" SemaphoreCount="7" /><!-- duration: 0ms -->
    <step title="LockFile &apos;C:\home\site\locks\deployments.lock&apos; acquired" date="2026-01-21T13:11:09.897" /><!-- duration: 0ms -->
    <step title="Saving request content to C:\local\Temp\zipdeploy\sej5w5wt.zip" date="2026-01-21T13:11:09.897" >
      <step title="Total 7,798,035 bytes written to C:\local\Temp\zipdeploy\sej5w5wt.zip" date="2026-01-21T13:11:16.796" /><!-- duration: 0ms -->
    </step><!-- duration: 6899ms -->
    <step title="LockFile &apos;C:\home\site\locks\deployments.lock&apos; released" date="2026-01-21T13:11:16.796" /><!-- duration: 0ms -->
    <step title="Deleting shutdown sentinel file" date="2026-01-21T13:11:16.796" SemaphoreCount="8" /><!-- duration: 16ms -->
    <step title="Starting FetchDeploy" date="2026-01-21T13:11:16.812" /><!-- duration: 0ms -->
    <step title="Attempting to fetch target branch HEAD" date="2026-01-21T13:11:16.812" /><!-- duration: 0ms -->
    <step title="Updating shutdown sentinel last write time" date="2026-01-21T13:11:16.827" SemaphoreCount="7" /><!-- duration: 0ms -->
    <step title="LockFile &apos;C:\home\site\locks\deployments.lock&apos; acquired" date="2026-01-21T13:11:16.843" /><!-- duration: 0ms -->
    <step title="Performing fetch based deployment" date="2026-01-21T13:11:16.843" >
      <step title="Creating temporary deployment" date="2026-01-21T13:11:16.843" /><!-- duration: 31ms -->
      <step title="Fetching changes." date="2026-01-21T13:11:16.906" /><!-- duration: 0ms -->
      <step title="Starting LocalZipHandler" date="2026-01-21T13:11:16.906" /><!-- duration: 0ms -->
      <step title="Starting LocalZipFetch" date="2026-01-21T13:11:16.921" /><!-- duration: 0ms -->
      <step title="Cleaning up temp folders from previous zip deployments and extracting pushed zip file C:\local\Temp\zipdeploy\sej5w5wt.zip (7.44 MB) to C:\local\Temp\zipdeploy\extracted" date="2026-01-21T13:11:16.953" /><!-- duration: 0ms -->
      <step title="Cleaning up temp folders from previous zip deployments and extracting pushed zip file C:\local\Temp\zipdeploy\sej5w5wt.zip (7.44 MB) to C:\local\Temp\zipdeploy\extracted" date="2026-01-21T13:11:16.953" >
        <step title="Renaming extractTargetDirectory(C:\local\Temp\zipdeploy\extracted) to tempDirectory(C:\local\Temp\zipdeploy\prd2mtcy.ush)" date="2026-01-21T13:11:16.968" /><!-- duration: 0ms -->
        <step title="Extracting 78 entries to C:\local\Temp\zipdeploy\extracted directory" date="2026-01-21T13:11:16.968" >
          <step title="Extracting to C:\local\Temp\zipdeploy\extracted\runtimes\unix\lib\net6.0\Microsoft.Data.SqlClient.dll ..." date="2026-01-21T13:11:16.984" /><!-- duration: 79ms -->
          <step title="Extracting to C:\local\Temp\zipdeploy\extracted\runtimes\unix\lib\net6.0\System.Drawing.Common.dll ..." date="2026-01-21T13:11:17.062" /><!-- duration: 20ms -->
          <step title="Extracting to C:\local\Temp\zipdeploy\extracted\runtimes\win\lib\net6.0\Microsoft.Data.SqlClient.dll ..." date="2026-01-21T13:11:17.093" /><!-- duration: 79ms -->
          <step title="Extracting to C:\local\Temp\zipdeploy\extracted\runtimes\win\lib\net6.0\Microsoft.Win32.SystemEvents.dll ..." date="2026-01-21T13:11:17.202" /><!-- duration: 18ms -->
          <step title="Extracting to C:\local\Temp\zipdeploy\extracted\runtimes\win\lib\net6.0\System.Drawing.Common.dll ..." date="2026-01-21T13:11:17.220" /><!-- duration: 30ms -->
          <step title="Omitting extracting file traces ..." date="2026-01-21T13:11:17.281" /><!-- duration: 20ms -->
        </step><!-- duration: 1203ms -->
      </step><!-- duration: 1346ms -->
      <step title="None repository commit" date="2026-01-21T13:11:18.312" >
        <step title="Commit id: d2e5ddd52ea14bf2b8c9512ae1cc821e" date="2026-01-21T13:11:18.350" Message="OneDeploy" AuthorName="N/A" AuthorEmail="N/A" /><!-- duration: 0ms -->
      </step><!-- duration: 48ms -->
      <step title="Before sending BuildRequestReceived status to /api/updatedeploystatus" date="2026-01-21T13:11:18.360" /><!-- duration: 0ms -->
      <step title="DeploymentManager.Deploy(id:d2e5ddd52ea14bf2b8c9512ae1cc821e)" date="2026-01-21T13:11:18.360" >
        <step title="Collecting changeset information" date="2026-01-21T13:11:18.380" /><!-- duration: 60ms -->
        <step title="Updating submodules" date="2026-01-21T13:11:18.440" >
          <step title="Updating submodules." date="2026-01-21T13:11:18.531" /><!-- duration: 0ms -->
        </step><!-- duration: 110ms -->
        <step title="Preparing deployment for commit id &apos;d2e5ddd52e&apos;." date="2026-01-21T13:11:18.610" /><!-- duration: 0ms -->
        <step title="Determining deployment builder" date="2026-01-21T13:11:18.671" >
          <step title="Builder is OneDeployBuilder" date="2026-01-21T13:11:18.671" /><!-- duration: 0ms -->
        </step><!-- duration: 19ms -->
        <step title="Copying SSH keys" date="2026-01-21T13:11:18.690" /><!-- duration: 13ms -->
        <step title="Building" date="2026-01-21T13:11:18.702" >
          <step title="Running build. Project type: OneDeploy" date="2026-01-21T13:11:18.750" /><!-- duration: 0ms -->
          <step title="Copying the manifest" date="2026-01-21T13:11:18.812" /><!-- duration: 0ms -->
          <step title="Clean deploying to C:\home\site\wwwroot" date="2026-01-21T13:11:18.860" /><!-- duration: 0ms -->
          <step title="Generating deployment script." date="2026-01-21T13:11:18.921" /><!-- duration: 0ms -->
          <step title="Generating deployment script" date="2026-01-21T13:11:18.940" >
            <step title="Using cached version of the deployment script for command: -y --no-dot-deployment -r &quot;C:\local\Temp\zipdeploy\extracted&quot; -o &quot;C:\home\site\deployments\tools&quot; --basic --sitePath &quot;C:\local\Temp\zipdeploy\extracted&quot;" date="2026-01-21T13:11:18.952" /><!-- duration: 31ms -->
            <step title="Using cached version of deployment script (command: &apos;azure -y --no-dot-deployment -r &quot;C:\local\Temp\zipdeploy\extracted&quot; -o &quot;C:\home\site\deployments\tools&quot; --basic --sitePath &quot;C:\local\Temp\zipdeploy\extracted&quot;&apos;)." date="2026-01-21T13:11:18.999" /><!-- duration: 0ms -->
          </step><!-- duration: 59ms -->
          <step title="Running deployment command..." date="2026-01-21T13:11:19.031" /><!-- duration: 0ms -->
          <step title="Command: &quot;C:\home\site\deployments\tools\deploy.cmd&quot;" date="2026-01-21T13:11:19.046" /><!-- duration: 0ms -->
          <step title="Executing external process" date="2026-01-21T13:11:19.062" type="process" path="starter.cmd" arguments="&quot;C:\home\site\deployments\tools\deploy.cmd&quot;" >
            <step title="Handling Basic Web Site deployment." date="2026-01-21T13:11:19.484" /><!-- duration: 18ms -->
            <step title="Creating app_offline.htm" date="2026-01-21T13:11:23.539" /><!-- duration: 20ms -->
            <step title="KuduSync.NET from: &apos;C:\local\Temp\zipdeploy\extracted&apos; to: &apos;C:\home\site\wwwroot&apos;" date="2026-01-21T13:11:23.571" /><!-- duration: 49ms -->
            <step title="Copying file: &apos;FileService.Api.dll&apos;" date="2026-01-21T13:11:23.633" /><!-- duration: 0ms -->
            <step title="Copying file: &apos;FileService.Api.exe&apos;" date="2026-01-21T13:11:23.633" /><!-- duration: 16ms -->
            <step title="Copying file: &apos;FileService.Api.pdb&apos;" date="2026-01-21T13:11:23.650" /><!-- duration: 15ms -->
            <step title="Copying file: &apos;FileService.Infrastructure.dll&apos;" date="2026-01-21T13:11:23.664" /><!-- duration: 0ms -->
            <step title="Copying file: &apos;FileService.Infrastructure.pdb&apos;" date="2026-01-21T13:11:23.664" /><!-- duration: 0ms -->
            <step title="Deleting app_offline.htm" date="2026-01-21T13:11:23.711" /><!-- duration: 18ms -->
            <step title="Finished successfully." date="2026-01-21T13:11:23.760" /><!-- duration: 0ms -->
          </step><!-- duration: 4712ms -->
          <step title="Build completed succesfully." date="2026-01-21T13:11:23.821" /><!-- duration: 0ms -->
          <step title="Running post deployment command(s)..." date="2026-01-21T13:11:23.883" /><!-- duration: 0ms -->
          <step title="Requesting site restart" date="2026-01-21T13:11:23.980" /><!-- duration: 13ms -->
          <step title="Requesting site restart" date="2026-01-21T13:11:23.993" /><!-- duration: 0ms -->
          <step title="Requesting site restart. Attempt #1" date="2026-01-21T13:11:24.040" /><!-- duration: 31ms -->
          <step title="Requesting site restart. Attempt #1" date="2026-01-21T13:11:24.102" /><!-- duration: 0ms -->
          <step title="Successfully requested a restart. Attempt #1" date="2026-01-21T13:11:24.243" /><!-- duration: 0ms -->
          <step title="Successfully requested a restart. Attempt #1" date="2026-01-21T13:11:24.243" /><!-- duration: 16ms -->
          <step title="Deployment successful. DEPLOYMENTINFO: deploymentPath = OneDeploy, deployer = OneDeploy, os = windows, sku = Basic, siteName = filesvc-stg-app, siteHostName = filesvc-stg-app.chinacloudsites.cn, deploymentStatus = Success" date="2026-01-21T13:11:24.321" /><!-- duration: 0ms -->
          <step title="Purge deployment items" date="2026-01-21T13:11:24.414" >
            <step title="Remove f44c9d711, Success, received at 1/21/2026 7:57:21 AM" date="2026-01-21T13:11:24.493" /><!-- duration: 0ms -->
          </step><!-- duration: 78ms -->
        </step><!-- duration: 5806ms -->
      </step><!-- duration: 6148ms -->
      <step title="Cleaning up temp files" date="2026-01-21T13:11:24.508" /><!-- duration: 0ms -->
      <step title="Skip function trigger and logicapp sync because function is not enabled." date="2026-01-21T13:11:24.524" /><!-- duration: 17ms -->
    </step><!-- duration: 7727ms -->
    <step title="LockFile &apos;C:\home\site\locks\deployments.lock&apos; released" date="2026-01-21T13:11:24.571" /><!-- duration: 0ms -->
    <step title="Deleting shutdown sentinel file" date="2026-01-21T13:11:24.571" SemaphoreCount="8" /><!-- duration: 20ms -->
  </step><!-- duration: 14753ms -->
  <step title="Outgoing response" date="2026-01-21T13:11:24.602" type="response" statusCode="200" statusText="OK" Server="Microsoft-IIS/10.0" x-ms-request-id="9c33e503-f6ca-11f0-8187-68ecc5669012" Cache-Control="private" X-AspNet-Version="4.0.30319" /><!-- duration: 19ms -->
</step><!-- duration: 15751ms -->
