<step title="Incoming Request" date="2026-01-21T03:52:30.163" instance="89efd1" url="/api/publish?type=zip" method="POST" type="request" pid="6960,2,9" Cache-Control="no-cache" Content-Length="37848787" Content-Type="application/octet-stream" Accept="*/*" Accept-Encoding="gzip, deflate" Authorization="Bea..." Host="filesvc-stg-app.scm.chinacloudsites.cn" User-Agent="AZURECLI/2.77.0 (MSI)" x-ms-client-request-id="98fec2b6-f67c-11f0-90dc-c4cb7696db44" X-ARR-LOG-ID="98fec2b6-f67c-11f0-90dc-c4cb7696db44" CLIENT-IP="123.123.134.23:10733" X-SITE-DEPLOYMENT-ID="filesvc-stg-app" WAS-DEFAULT-HOSTNAME="filesvc-stg-app.scm.chinacloudsites.cn" X-Forwarded-Proto="https" X-AppService-Proto="https" X-Forwarded-TlsVersion="1.3" X-WAWS-Unencoded-URL="/api/publish?type=zip" >
  <step title="Cleanup Xml Logs" date="2026-01-21T03:52:30.163" /><!-- duration: 11ms -->
  <step title="OneDeploy" date="2026-01-21T03:52:30.803" >
    <step title="Starting PushDeployAsync" date="2026-01-21T03:52:30.833" /><!-- duration: 0ms -->
    <step title="Updating shutdown sentinel last write time" date="2026-01-21T03:52:30.893" SemaphoreCount="7" /><!-- duration: 0ms -->
    <step title="LockFile &apos;C:\home\site\locks\deployments.lock&apos; acquired" date="2026-01-21T03:52:30.893" /><!-- duration: 0ms -->
    <step title="Saving request content to C:\local\Temp\zipdeploy\yfuiuikf.zip" date="2026-01-21T03:52:30.908" >
      <step title="Total 37,848,787 bytes written to C:\local\Temp\zipdeploy\yfuiuikf.zip" date="2026-01-21T03:52:46.841" /><!-- duration: 0ms -->
    </step><!-- duration: 15932ms -->
    <step title="LockFile &apos;C:\home\site\locks\deployments.lock&apos; released" date="2026-01-21T03:52:46.856" /><!-- duration: 34ms -->
    <step title="Deleting shutdown sentinel file" date="2026-01-21T03:52:46.903" SemaphoreCount="8" /><!-- duration: 0ms -->
    <step title="Starting FetchDeploy" date="2026-01-21T03:52:46.920" /><!-- duration: 0ms -->
    <step title="Attempting to fetch target branch HEAD" date="2026-01-21T03:52:46.920" /><!-- duration: 0ms -->
    <step title="Updating shutdown sentinel last write time" date="2026-01-21T03:52:46.950" SemaphoreCount="7" /><!-- duration: 0ms -->
    <step title="LockFile &apos;C:\home\site\locks\deployments.lock&apos; acquired" date="2026-01-21T03:52:46.950" /><!-- duration: 0ms -->
    <step title="Performing fetch based deployment" date="2026-01-21T03:52:46.981" >
      <step title="Creating temporary deployment" date="2026-01-21T03:52:46.981" /><!-- duration: 141ms -->
      <step title="Fetching changes." date="2026-01-21T03:52:47.300" /><!-- duration: 0ms -->
      <step title="Starting LocalZipHandler" date="2026-01-21T03:52:47.330" /><!-- duration: 0ms -->
      <step title="Starting LocalZipFetch" date="2026-01-21T03:52:47.341" /><!-- duration: 0ms -->
      <step title="Cleaning up temp folders from previous zip deployments and extracting pushed zip file C:\local\Temp\zipdeploy\yfuiuikf.zip (36.10 MB) to C:\local\Temp\zipdeploy\extracted" date="2026-01-21T03:52:47.360" /><!-- duration: 12ms -->
      <step title="Cleaning up temp folders from previous zip deployments and extracting pushed zip file C:\local\Temp\zipdeploy\yfuiuikf.zip (36.10 MB) to C:\local\Temp\zipdeploy\extracted" date="2026-01-21T03:52:47.372" >
        <step title="Renaming extractTargetDirectory(C:\local\Temp\zipdeploy\extracted) to tempDirectory(C:\local\Temp\zipdeploy\yqqswmq0.bdd)" date="2026-01-21T03:52:47.372" /><!-- duration: 16ms -->
        <step title="Extracting 123 entries to C:\local\Temp\zipdeploy\extracted directory" date="2026-01-21T03:52:47.561" >
          <step title="Extracting to C:\local\Temp\zipdeploy\extracted\runtimes\browser-wasm\nativeassets\net9.0\e_sqlite3.a ..." date="2026-01-21T03:52:47.591" /><!-- duration: 141ms -->
          <step title="Extracting to C:\local\Temp\zipdeploy\extracted\runtimes\linux-arm\native\libe_sqlite3.so ..." date="2026-01-21T03:52:47.731" /><!-- duration: 62ms -->
          <step title="Extracting to C:\local\Temp\zipdeploy\extracted\runtimes\linux-arm64\native\libe_sqlite3.so ..." date="2026-01-21T03:52:47.794" /><!-- duration: 78ms -->
          <step title="Extracting to C:\local\Temp\zipdeploy\extracted\runtimes\linux-armel\native\libe_sqlite3.so ..." date="2026-01-21T03:52:47.891" /><!-- duration: 60ms -->
          <step title="Extracting to C:\local\Temp\zipdeploy\extracted\runtimes\linux-mips64\native\libe_sqlite3.so ..." date="2026-01-21T03:52:47.982" /><!-- duration: 80ms -->
          <step title="Omitting extracting file traces ..." date="2026-01-21T03:52:48.082" /><!-- duration: 71ms -->
        </step><!-- duration: 4766ms -->
      </step><!-- duration: 4975ms -->
      <step title="None repository commit" date="2026-01-21T03:52:52.357" >
        <step title="Commit id: bca6669e4b404e10b9140f38cc883849" date="2026-01-21T03:52:52.357" Message="OneDeploy" AuthorName="N/A" AuthorEmail="N/A" /><!-- duration: 20ms -->
      </step><!-- duration: 30ms -->
      <step title="Before sending BuildRequestReceived status to /api/updatedeploystatus" date="2026-01-21T03:52:52.388" /><!-- duration: 0ms -->
      <step title="DeploymentManager.Deploy(id:bca6669e4b404e10b9140f38cc883849)" date="2026-01-21T03:52:52.407" >
        <step title="Collecting changeset information" date="2026-01-21T03:52:52.419" /><!-- duration: 48ms -->
        <step title="Updating submodules" date="2026-01-21T03:52:52.467" >
          <step title="Updating submodules." date="2026-01-21T03:52:52.497" /><!-- duration: 31ms -->
        </step><!-- duration: 61ms -->
        <step title="Preparing deployment for commit id &apos;bca6669e4b&apos;." date="2026-01-21T03:52:52.669" /><!-- duration: 0ms -->
        <step title="Determining deployment builder" date="2026-01-21T03:52:52.747" >
          <step title="Builder is OneDeployBuilder" date="2026-01-21T03:52:52.767" /><!-- duration: 0ms -->
        </step><!-- duration: 20ms -->
        <step title="Copying SSH keys" date="2026-01-21T03:52:52.809" /><!-- duration: 18ms -->
        <step title="Building" date="2026-01-21T03:52:52.827" >
          <step title="Running build. Project type: OneDeploy" date="2026-01-21T03:52:52.857" /><!-- duration: 0ms -->
          <step title="Copying the manifest" date="2026-01-21T03:52:52.937" /><!-- duration: 0ms -->
          <step title="Clean deploying to C:\home\site\wwwroot" date="2026-01-21T03:52:53.028" /><!-- duration: 0ms -->
          <step title="Generating deployment script." date="2026-01-21T03:52:53.077" /><!-- duration: 20ms -->
          <step title="Generating deployment script" date="2026-01-21T03:52:53.107" >
            <step title="Using cached version of the deployment script for command: -y --no-dot-deployment -r &quot;C:\local\Temp\zipdeploy\extracted&quot; -o &quot;C:\home\site\deployments\tools&quot; --basic --sitePath &quot;C:\local\Temp\zipdeploy\extracted&quot;" date="2026-01-21T03:52:53.298" /><!-- duration: 0ms -->
            <step title="Using cached version of deployment script (command: &apos;azure -y --no-dot-deployment -r &quot;C:\local\Temp\zipdeploy\extracted&quot; -o &quot;C:\home\site\deployments\tools&quot; --basic --sitePath &quot;C:\local\Temp\zipdeploy\extracted&quot;&apos;)." date="2026-01-21T03:52:53.309" /><!-- duration: 0ms -->
          </step><!-- duration: 218ms -->
          <step title="Running deployment command..." date="2026-01-21T03:52:53.372" /><!-- duration: 19ms -->
          <step title="Command: &quot;C:\home\site\deployments\tools\deploy.cmd&quot;" date="2026-01-21T03:52:53.403" /><!-- duration: 0ms -->
          <step title="Executing external process" date="2026-01-21T03:52:53.441" type="process" path="starter.cmd" arguments="&quot;C:\home\site\deployments\tools\deploy.cmd&quot;" >
            <step title="Handling Basic Web Site deployment." date="2026-01-21T03:52:54.062" /><!-- duration: 20ms -->
            <step title="Creating app_offline.htm" date="2026-01-21T03:52:58.150" /><!-- duration: 20ms -->
            <step title="KuduSync.NET from: &apos;C:\local\Temp\zipdeploy\extracted&apos; to: &apos;C:\home\site\wwwroot&apos;" date="2026-01-21T03:52:58.181" /><!-- duration: 0ms -->
            <step title="Copying file: &apos;FileService.Api.deps.json&apos;" date="2026-01-21T03:52:58.200" /><!-- duration: 0ms -->
            <step title="Copying file: &apos;FileService.Api.dll&apos;" date="2026-01-21T03:52:58.213" /><!-- duration: 0ms -->
            <step title="Copying file: &apos;FileService.Api.exe&apos;" date="2026-01-21T03:52:58.230" /><!-- duration: 0ms -->
            <step title="Copying file: &apos;FileService.Api.pdb&apos;" date="2026-01-21T03:52:58.260" /><!-- duration: 0ms -->
            <step title="Copying file: &apos;FileService.Api.runtimeconfig.json&apos;" date="2026-01-21T03:52:58.291" /><!-- duration: 0ms -->
            <step title="Deleting app_offline.htm" date="2026-01-21T03:52:58.322" /><!-- duration: 0ms -->
            <step title="Finished successfully." date="2026-01-21T03:52:58.340" /><!-- duration: 0ms -->
          </step><!-- duration: 4913ms -->
          <step title="Build completed succesfully." date="2026-01-21T03:52:58.431" /><!-- duration: 0ms -->
          <step title="Running post deployment command(s)..." date="2026-01-21T03:52:58.463" /><!-- duration: 0ms -->
          <step title="Requesting site restart" date="2026-01-21T03:52:58.621" /><!-- duration: 0ms -->
          <step title="Requesting site restart" date="2026-01-21T03:52:58.651" /><!-- duration: 0ms -->
          <step title="Requesting site restart. Attempt #1" date="2026-01-21T03:52:58.761" /><!-- duration: 0ms -->
          <step title="Requesting site restart. Attempt #1" date="2026-01-21T03:52:58.781" /><!-- duration: 10ms -->
          <step title="Successfully requested a restart. Attempt #1" date="2026-01-21T03:53:00.292" /><!-- duration: 15ms -->
          <step title="Successfully requested a restart. Attempt #1" date="2026-01-21T03:53:00.306" /><!-- duration: 0ms -->
          <step title="Deployment successful. DEPLOYMENTINFO: deploymentPath = OneDeploy, deployer = OneDeploy, os = windows, sku = Basic, siteName = filesvc-stg-app, siteHostName = filesvc-stg-app.chinacloudsites.cn, deploymentStatus = Success" date="2026-01-21T03:53:00.353" /><!-- duration: 18ms -->
        </step><!-- duration: 7776ms -->
      </step><!-- duration: 8215ms -->
      <step title="Cleaning up temp files" date="2026-01-21T03:53:00.622" /><!-- duration: 13ms -->
      <step title="Skip function trigger and logicapp sync because function is not enabled." date="2026-01-21T03:53:00.652" /><!-- duration: 20ms -->
    </step><!-- duration: 13731ms -->
    <step title="LockFile &apos;C:\home\site\locks\deployments.lock&apos; released" date="2026-01-21T03:53:00.732" /><!-- duration: 0ms -->
    <step title="Deleting shutdown sentinel file" date="2026-01-21T03:53:00.744" SemaphoreCount="8" /><!-- duration: 0ms -->
  </step><!-- duration: 29959ms -->
  <step title="Outgoing response" date="2026-01-21T03:53:00.822" type="response" statusCode="200" statusText="OK" Server="Microsoft-IIS/10.0" x-ms-request-id="98fec2b6-f67c-11f0-90dc-c4cb7696db44" Cache-Control="private" X-AspNet-Version="4.0.30319" /><!-- duration: 0ms -->
</step><!-- duration: 30679ms -->
