<step title="Incoming Request" date="2026-01-21T03:06:22.267" instance="89efd1" url="/api/publish?type=zip" method="POST" type="request" pid="7996,2,7" Cache-Control="no-cache" Content-Length="37848787" Content-Type="application/octet-stream" Accept="*/*" Accept-Encoding="gzip, deflate" Authorization="Bea..." Host="filesvc-stg-app.scm.chinacloudsites.cn" User-Agent="AZURECLI/2.77.0 (MSI)" x-ms-client-request-id="23352e12-f676-11f0-aac0-c4cb7696db44" X-ARR-LOG-ID="23352e12-f676-11f0-aac0-c4cb7696db44" CLIENT-IP="1.202.38.150:14402" X-SITE-DEPLOYMENT-ID="filesvc-stg-app" WAS-DEFAULT-HOSTNAME="filesvc-stg-app.scm.chinacloudsites.cn" X-Forwarded-Proto="https" X-AppService-Proto="https" X-Forwarded-TlsVersion="1.3" X-WAWS-Unencoded-URL="/api/publish?type=zip" X-MS-COLDSTART="1" >
  <step title="OneDeploy" date="2026-01-21T03:06:24.702" >
    <step title="Starting PushDeployAsync" date="2026-01-21T03:06:24.781" /><!-- duration: 0ms -->
    <step title="Updating shutdown sentinel last write time" date="2026-01-21T03:06:25.021" SemaphoreCount="7" /><!-- duration: 10ms -->
    <step title="LockFile &apos;C:\home\site\locks\deployments.lock&apos; acquired" date="2026-01-21T03:06:25.031" /><!-- duration: 0ms -->
    <step title="Saving request content to C:\local\Temp\zipdeploy\fmzsscg1.zip" date="2026-01-21T03:06:25.046" >
      <step title="Total 37,848,787 bytes written to C:\local\Temp\zipdeploy\fmzsscg1.zip" date="2026-01-21T03:06:33.154" /><!-- duration: 20ms -->
    </step><!-- duration: 8128ms -->
    <step title="LockFile &apos;C:\home\site\locks\deployments.lock&apos; released" date="2026-01-21T03:06:33.185" /><!-- duration: 0ms -->
    <step title="Deleting shutdown sentinel file" date="2026-01-21T03:06:33.185" SemaphoreCount="8" /><!-- duration: 31ms -->
    <step title="Starting FetchDeploy" date="2026-01-21T03:06:33.216" /><!-- duration: 0ms -->
    <step title="Attempting to fetch target branch HEAD" date="2026-01-21T03:06:33.232" /><!-- duration: 0ms -->
    <step title="Updating shutdown sentinel last write time" date="2026-01-21T03:06:33.249" SemaphoreCount="7" /><!-- duration: 0ms -->
    <step title="LockFile &apos;C:\home\site\locks\deployments.lock&apos; acquired" date="2026-01-21T03:06:33.249" /><!-- duration: 0ms -->
    <step title="Performing fetch based deployment" date="2026-01-21T03:06:33.279" >
      <step title="Creating temporary deployment" date="2026-01-21T03:06:33.279" /><!-- duration: 125ms -->
      <step title="Fetching changes." date="2026-01-21T03:06:33.560" /><!-- duration: 0ms -->
      <step title="Starting LocalZipHandler" date="2026-01-21T03:06:33.591" /><!-- duration: 18ms -->
      <step title="Starting LocalZipFetch" date="2026-01-21T03:06:33.609" /><!-- duration: 13ms -->
      <step title="Cleaning up temp folders from previous zip deployments and extracting pushed zip file C:\local\Temp\zipdeploy\fmzsscg1.zip (36.10 MB) to C:\local\Temp\zipdeploy\extracted" date="2026-01-21T03:06:33.623" /><!-- duration: 17ms -->
      <step title="Cleaning up temp folders from previous zip deployments and extracting pushed zip file C:\local\Temp\zipdeploy\fmzsscg1.zip (36.10 MB) to C:\local\Temp\zipdeploy\extracted" date="2026-01-21T03:06:33.639" >
        <step title="Extracting 123 entries to C:\local\Temp\zipdeploy\extracted directory" date="2026-01-21T03:06:33.701" >
          <step title="Extracting to C:\local\Temp\zipdeploy\extracted\runtimes\browser-wasm\nativeassets\net9.0\e_sqlite3.a ..." date="2026-01-21T03:06:33.719" /><!-- duration: 110ms -->
          <step title="Extracting to C:\local\Temp\zipdeploy\extracted\runtimes\linux-arm\native\libe_sqlite3.so ..." date="2026-01-21T03:06:33.841" /><!-- duration: 68ms -->
          <step title="Extracting to C:\local\Temp\zipdeploy\extracted\runtimes\linux-arm64\native\libe_sqlite3.so ..." date="2026-01-21T03:06:33.920" /><!-- duration: 62ms -->
          <step title="Extracting to C:\local\Temp\zipdeploy\extracted\runtimes\linux-armel\native\libe_sqlite3.so ..." date="2026-01-21T03:06:34.000" /><!-- duration: 60ms -->
          <step title="Extracting to C:\local\Temp\zipdeploy\extracted\runtimes\linux-mips64\native\libe_sqlite3.so ..." date="2026-01-21T03:06:34.060" /><!-- duration: 80ms -->
          <step title="Omitting extracting file traces ..." date="2026-01-21T03:06:34.140" /><!-- duration: 110ms -->
        </step><!-- duration: 4797ms -->
      </step><!-- duration: 4878ms -->
      <step title="None repository commit" date="2026-01-21T03:06:38.529" >
        <step title="Commit id: 74511c45cdbb472ebebd6bb3ce0b9710" date="2026-01-21T03:06:38.529" Message="OneDeploy" AuthorName="N/A" AuthorEmail="N/A" /><!-- duration: 19ms -->
      </step><!-- duration: 19ms -->
      <step title="Before sending BuildRequestReceived status to /api/updatedeploystatus" date="2026-01-21T03:06:38.560" /><!-- duration: 0ms -->
      <step title="DeploymentManager.Deploy(id:74511c45cdbb472ebebd6bb3ce0b9710)" date="2026-01-21T03:06:38.597" >
        <step title="Collecting changeset information" date="2026-01-21T03:06:38.607" /><!-- duration: 31ms -->
        <step title="Updating submodules" date="2026-01-21T03:06:38.670" >
          <step title="Updating submodules." date="2026-01-21T03:06:38.720" /><!-- duration: 0ms -->
        </step><!-- duration: 50ms -->
        <step title="Preparing deployment for commit id &apos;74511c45cd&apos;." date="2026-01-21T03:06:38.810" /><!-- duration: 0ms -->
        <step title="Determining deployment builder" date="2026-01-21T03:06:38.890" >
          <step title="Builder is OneDeployBuilder" date="2026-01-21T03:06:38.910" /><!-- duration: 0ms -->
        </step><!-- duration: 30ms -->
        <step title="Copying SSH keys" date="2026-01-21T03:06:38.940" /><!-- duration: 42ms -->
        <step title="Building" date="2026-01-21T03:06:39.000" >
          <step title="Running build. Project type: OneDeploy" date="2026-01-21T03:06:39.030" /><!-- duration: 20ms -->
          <step title="Copying the manifest" date="2026-01-21T03:06:39.110" /><!-- duration: 0ms -->
          <step title="Clean deploying to C:\home\site\wwwroot" date="2026-01-21T03:06:39.190" /><!-- duration: 11ms -->
          <step title="Generating deployment script." date="2026-01-21T03:06:39.263" /><!-- duration: 17ms -->
          <step title="Generating deployment script" date="2026-01-21T03:06:39.280" >
            <step title="Using cached version of the deployment script for command: -y --no-dot-deployment -r &quot;C:\local\Temp\zipdeploy\extracted&quot; -o &quot;C:\home\site\deployments\tools&quot; --basic --sitePath &quot;C:\local\Temp\zipdeploy\extracted&quot;" date="2026-01-21T03:06:39.470" /><!-- duration: 12ms -->
            <step title="Using cached version of deployment script (command: &apos;azure -y --no-dot-deployment -r &quot;C:\local\Temp\zipdeploy\extracted&quot; -o &quot;C:\home\site\deployments\tools&quot; --basic --sitePath &quot;C:\local\Temp\zipdeploy\extracted&quot;&apos;)." date="2026-01-21T03:06:39.500" /><!-- duration: 0ms -->
          </step><!-- duration: 233ms -->
          <step title="Running deployment command..." date="2026-01-21T03:06:39.545" /><!-- duration: 16ms -->
          <step title="Command: &quot;C:\home\site\deployments\tools\deploy.cmd&quot;" date="2026-01-21T03:06:39.560" /><!-- duration: 0ms -->
          <step title="Executing external process" date="2026-01-21T03:06:39.623" type="process" path="starter.cmd" arguments="&quot;C:\home\site\deployments\tools\deploy.cmd&quot;" >
            <step title="Handling Basic Web Site deployment." date="2026-01-21T03:06:40.312" /><!-- duration: 0ms -->
            <step title="Creating app_offline.htm" date="2026-01-21T03:06:42.264" /><!-- duration: 0ms -->
            <step title="KuduSync.NET from: &apos;C:\local\Temp\zipdeploy\extracted&apos; to: &apos;C:\home\site\wwwroot&apos;" date="2026-01-21T03:06:42.295" /><!-- duration: 0ms -->
            <step title="Copying file: &apos;appsettings.json&apos;" date="2026-01-21T03:06:42.314" /><!-- duration: 12ms -->
            <step title="Copying file: &apos;appsettings.Production.json&apos;" date="2026-01-21T03:06:42.344" /><!-- duration: 0ms -->
            <step title="Copying file: &apos;appsettings.Staging.json&apos;" date="2026-01-21T03:06:42.374" /><!-- duration: 0ms -->
            <step title="Copying file: &apos;efbundle.exe&apos;" date="2026-01-21T03:06:42.394" /><!-- duration: 10ms -->
            <step title="Copying file: &apos;FileService.Api.deps.json&apos;" date="2026-01-21T03:06:42.404" /><!-- duration: 20ms -->
            <step title="Copying file: &apos;FileService.Api.dll&apos;" date="2026-01-21T03:06:42.435" /><!-- duration: 0ms -->
            <step title="Copying file: &apos;FileService.Api.exe&apos;" date="2026-01-21T03:06:42.454" /><!-- duration: 12ms -->
            <step title="Copying file: &apos;FileService.Api.pdb&apos;" date="2026-01-21T03:06:42.484" /><!-- duration: 0ms -->
            <step title="Copying file: &apos;FileService.Api.runtimeconfig.json&apos;" date="2026-01-21T03:06:42.514" /><!-- duration: 0ms -->
            <step title="Copying file: &apos;FileService.Api.staticwebassets.endpoints.json&apos;" date="2026-01-21T03:06:42.545" /><!-- duration: 0ms -->
            <step title="Copying file: &apos;FileService.Core.dll&apos;" date="2026-01-21T03:06:42.564" /><!-- duration: 0ms -->
            <step title="Copying file: &apos;FileService.Core.pdb&apos;" date="2026-01-21T03:06:42.576" /><!-- duration: 18ms -->
            <step title="Copying file: &apos;FileService.Infrastructure.dll&apos;" date="2026-01-21T03:06:42.607" /><!-- duration: 0ms -->
            <step title="Copying file: &apos;FileService.Infrastructure.pdb&apos;" date="2026-01-21T03:06:42.624" /><!-- duration: 0ms -->
            <step title="Copying file: &apos;wwwroot\health-test.txt&apos;" date="2026-01-21T03:06:42.654" /><!-- duration: 0ms -->
            <step title="Copying file: &apos;wwwroot\health-test.txt.br&apos;" date="2026-01-21T03:06:42.685" /><!-- duration: 0ms -->
            <step title="Copying file: &apos;wwwroot\health-test.txt.gz&apos;" date="2026-01-21T03:06:42.704" /><!-- duration: 0ms -->
            <step title="Copying file: &apos;wwwroot\health.html&apos;" date="2026-01-21T03:06:42.734" /><!-- duration: 30ms -->
            <step title="Copying file: &apos;wwwroot\health.html.br&apos;" date="2026-01-21T03:06:42.764" /><!-- duration: 20ms -->
            <step title="Copying file: &apos;wwwroot\health.html.gz&apos;" date="2026-01-21T03:06:42.795" /><!-- duration: 0ms -->
            <step title="Copying file: &apos;wwwroot\index.html&apos;" date="2026-01-21T03:06:42.814" /><!-- duration: 12ms -->
            <step title="Copying file: &apos;wwwroot\index.html.br&apos;" date="2026-01-21T03:06:42.844" /><!-- duration: 0ms -->
            <step title="Copying file: &apos;wwwroot\index.html.gz&apos;" date="2026-01-21T03:06:42.857" /><!-- duration: 17ms -->
            <step title="Deleting app_offline.htm" date="2026-01-21T03:06:42.894" /><!-- duration: 0ms -->
            <step title="Finished successfully." date="2026-01-21T03:06:42.905" /><!-- duration: 0ms -->
          </step><!-- duration: 3313ms -->
          <step title="Build completed succesfully." date="2026-01-21T03:06:42.982" /><!-- duration: 0ms -->
          <step title="Running post deployment command(s)..." date="2026-01-21T03:06:43.185" /><!-- duration: 20ms -->
          <step title="Requesting site restart" date="2026-01-21T03:06:43.545" /><!-- duration: 0ms -->
          <step title="Requesting site restart" date="2026-01-21T03:06:43.565" /><!-- duration: 11ms -->
          <step title="Requesting site restart. Attempt #1" date="2026-01-21T03:06:43.705" /><!-- duration: 0ms -->
          <step title="Requesting site restart. Attempt #1" date="2026-01-21T03:06:43.716" /><!-- duration: 0ms -->
          <step title="Successfully requested a restart. Attempt #1" date="2026-01-21T03:06:46.379" /><!-- duration: 10ms -->
          <step title="Successfully requested a restart. Attempt #1" date="2026-01-21T03:06:46.439" /><!-- duration: 12ms -->
          <step title="Deployment successful. DEPLOYMENTINFO: deploymentPath = OneDeploy, deployer = OneDeploy, os = windows, sku = Basic, siteName = filesvc-stg-app, siteHostName = filesvc-stg-app.chinacloudsites.cn, deploymentStatus = Success" date="2026-01-21T03:06:46.549" /><!-- duration: 11ms -->
        </step><!-- duration: 7873ms -->
      </step><!-- duration: 8292ms -->
      <step title="Cleaning up temp files" date="2026-01-21T03:06:46.910" /><!-- duration: 10ms -->
      <step title="Skip function trigger and logicapp sync because function is not enabled." date="2026-01-21T03:06:46.920" /><!-- duration: 20ms -->
    </step><!-- duration: 13734ms -->
    <step title="LockFile &apos;C:\home\site\locks\deployments.lock&apos; released" date="2026-01-21T03:06:47.013" /><!-- duration: 0ms -->
    <step title="Deleting shutdown sentinel file" date="2026-01-21T03:06:47.013" SemaphoreCount="8" /><!-- duration: 0ms -->
  </step><!-- duration: 22327ms -->
  <step title="Outgoing response" date="2026-01-21T03:06:47.190" type="response" statusCode="200" statusText="OK" Server="Microsoft-IIS/10.0" x-ms-request-id="23352e12-f676-11f0-aac0-c4cb7696db44" Cache-Control="private" X-AspNet-Version="4.0.30319" /><!-- duration: 11ms -->
</step><!-- duration: 24934ms -->
