<step title="Incoming Request" date="2026-01-21T07:49:04.361" instance="89efd1" url="/api/publish?type=zip" method="POST" type="request" pid="1428,2,27" Cache-Control="no-cache" Content-Length="37851941" Content-Type="application/octet-stream" Accept="*/*" Accept-Encoding="gzip, deflate" Authorization="Bea..." Host="filesvc-stg-app.scm.chinacloudsites.cn" User-Agent="AZURECLI/2.77.0 (MSI)" x-ms-client-request-id="a5141193-f69d-11f0-80b3-c4cb7696db44" X-ARR-LOG-ID="a5141193-f69d-11f0-80b3-c4cb7696db44" CLIENT-IP="123.123.134.23:9931" X-SITE-DEPLOYMENT-ID="filesvc-stg-app" WAS-DEFAULT-HOSTNAME="filesvc-stg-app.scm.chinacloudsites.cn" X-Forwarded-Proto="https" X-AppService-Proto="https" X-Forwarded-TlsVersion="1.3" X-WAWS-Unencoded-URL="/api/publish?type=zip" >
  <step title="Cleanup Xml Logs" date="2026-01-21T07:49:04.381" /><!-- duration: 0ms -->
  <step title="OneDeploy" date="2026-01-21T07:49:04.392" >
    <step title="Starting PushDeployAsync" date="2026-01-21T07:49:04.392" /><!-- duration: 0ms -->
    <step title="Updating shutdown sentinel last write time" date="2026-01-21T07:49:04.408" SemaphoreCount="7" /><!-- duration: 16ms -->
    <step title="LockFile &apos;C:\home\site\locks\deployments.lock&apos; acquired" date="2026-01-21T07:49:04.423" /><!-- duration: 0ms -->
    <step title="Saving request content to C:\local\Temp\zipdeploy\s31hyv4y.zip" date="2026-01-21T07:49:04.423" >
      <step title="Total 37,851,941 bytes written to C:\local\Temp\zipdeploy\s31hyv4y.zip" date="2026-01-21T07:49:21.383" /><!-- duration: 0ms -->
    </step><!-- duration: 16959ms -->
    <step title="LockFile &apos;C:\home\site\locks\deployments.lock&apos; released" date="2026-01-21T07:49:21.383" /><!-- duration: 16ms -->
    <step title="Deleting shutdown sentinel file" date="2026-01-21T07:49:21.398" SemaphoreCount="8" /><!-- duration: 0ms -->
    <step title="Starting FetchDeploy" date="2026-01-21T07:49:21.398" /><!-- duration: 0ms -->
    <step title="Attempting to fetch target branch HEAD" date="2026-01-21T07:49:21.414" /><!-- duration: 0ms -->
    <step title="Updating shutdown sentinel last write time" date="2026-01-21T07:49:21.414" SemaphoreCount="7" /><!-- duration: 38ms -->
    <step title="LockFile &apos;C:\home\site\locks\deployments.lock&apos; acquired" date="2026-01-21T07:49:21.461" /><!-- duration: 0ms -->
    <step title="Performing fetch based deployment" date="2026-01-21T07:49:21.461" >
      <step title="Creating temporary deployment" date="2026-01-21T07:49:21.461" /><!-- duration: 15ms -->
      <step title="Fetching changes." date="2026-01-21T07:49:21.523" /><!-- duration: 18ms -->
      <step title="Starting LocalZipHandler" date="2026-01-21T07:49:21.541" /><!-- duration: 0ms -->
      <step title="Starting LocalZipFetch" date="2026-01-21T07:49:21.554" /><!-- duration: 0ms -->
      <step title="Cleaning up temp folders from previous zip deployments and extracting pushed zip file C:\local\Temp\zipdeploy\s31hyv4y.zip (36.10 MB) to C:\local\Temp\zipdeploy\extracted" date="2026-01-21T07:49:21.554" /><!-- duration: 0ms -->
      <step title="Cleaning up temp folders from previous zip deployments and extracting pushed zip file C:\local\Temp\zipdeploy\s31hyv4y.zip (36.10 MB) to C:\local\Temp\zipdeploy\extracted" date="2026-01-21T07:49:21.554" >
        <step title="Renaming extractTargetDirectory(C:\local\Temp\zipdeploy\extracted) to tempDirectory(C:\local\Temp\zipdeploy\0t0dlpkp.3yn)" date="2026-01-21T07:49:21.554" /><!-- duration: 17ms -->
        <step title="Extracting 123 entries to C:\local\Temp\zipdeploy\extracted directory" date="2026-01-21T07:49:21.571" >
          <step title="Extracting to C:\local\Temp\zipdeploy\extracted\runtimes\browser-wasm\nativeassets\net9.0\e_sqlite3.a ..." date="2026-01-21T07:49:21.601" /><!-- duration: 80ms -->
          <step title="Extracting to C:\local\Temp\zipdeploy\extracted\runtimes\linux-arm\native\libe_sqlite3.so ..." date="2026-01-21T07:49:21.681" /><!-- duration: 80ms -->
          <step title="Extracting to C:\local\Temp\zipdeploy\extracted\runtimes\linux-arm64\native\libe_sqlite3.so ..." date="2026-01-21T07:49:21.773" /><!-- duration: 79ms -->
          <step title="Extracting to C:\local\Temp\zipdeploy\extracted\runtimes\linux-armel\native\libe_sqlite3.so ..." date="2026-01-21T07:49:21.872" /><!-- duration: 80ms -->
          <step title="Extracting to C:\local\Temp\zipdeploy\extracted\runtimes\linux-mips64\native\libe_sqlite3.so ..." date="2026-01-21T07:49:21.996" /><!-- duration: 60ms -->
          <step title="Omitting extracting file traces ..." date="2026-01-21T07:49:22.106" /><!-- duration: 90ms -->
        </step><!-- duration: 4983ms -->
      </step><!-- duration: 5018ms -->
      <step title="None repository commit" date="2026-01-21T07:49:26.572" >
        <step title="Commit id: f8a67f4f5e7b42d3bd1cb26084c80142" date="2026-01-21T07:49:26.572" Message="OneDeploy" AuthorName="N/A" AuthorEmail="N/A" /><!-- duration: 0ms -->
      </step><!-- duration: 30ms -->
      <step title="Before sending BuildRequestReceived status to /api/updatedeploystatus" date="2026-01-21T07:49:26.622" /><!-- duration: 10ms -->
      <step title="DeploymentManager.Deploy(id:f8a67f4f5e7b42d3bd1cb26084c80142)" date="2026-01-21T07:49:26.652" >
        <step title="Collecting changeset information" date="2026-01-21T07:49:26.664" /><!-- duration: 49ms -->
        <step title="Updating submodules" date="2026-01-21T07:49:26.732" >
          <step title="Updating submodules." date="2026-01-21T07:49:26.822" /><!-- duration: 0ms -->
        </step><!-- duration: 90ms -->
        <step title="Preparing deployment for commit id &apos;f8a67f4f5e&apos;." date="2026-01-21T07:49:26.883" /><!-- duration: 0ms -->
        <step title="Determining deployment builder" date="2026-01-21T07:49:26.914" >
          <step title="Builder is OneDeployBuilder" date="2026-01-21T07:49:26.932" /><!-- duration: 0ms -->
        </step><!-- duration: 31ms -->
        <step title="Copying SSH keys" date="2026-01-21T07:49:27.023" /><!-- duration: 0ms -->
        <step title="Building" date="2026-01-21T07:49:27.042" >
          <step title="Running build. Project type: OneDeploy" date="2026-01-21T07:49:27.054" /><!-- duration: 0ms -->
          <step title="Copying the manifest" date="2026-01-21T07:49:27.150" /><!-- duration: 0ms -->
          <step title="Clean deploying to C:\home\site\wwwroot" date="2026-01-21T07:49:27.211" /><!-- duration: 0ms -->
          <step title="Generating deployment script." date="2026-01-21T07:49:27.273" /><!-- duration: 0ms -->
          <step title="Generating deployment script" date="2026-01-21T07:49:27.290" >
            <step title="Using cached version of the deployment script for command: -y --no-dot-deployment -r &quot;C:\local\Temp\zipdeploy\extracted&quot; -o &quot;C:\home\site\deployments\tools&quot; --basic --sitePath &quot;C:\local\Temp\zipdeploy\extracted&quot;" date="2026-01-21T07:49:27.320" /><!-- duration: 0ms -->
            <step title="Using cached version of deployment script (command: &apos;azure -y --no-dot-deployment -r &quot;C:\local\Temp\zipdeploy\extracted&quot; -o &quot;C:\home\site\deployments\tools&quot; --basic --sitePath &quot;C:\local\Temp\zipdeploy\extracted&quot;&apos;)." date="2026-01-21T07:49:27.340" /><!-- duration: 11ms -->
          </step><!-- duration: 80ms -->
          <step title="Running deployment command..." date="2026-01-21T07:49:27.383" /><!-- duration: 18ms -->
          <step title="Command: &quot;C:\home\site\deployments\tools\deploy.cmd&quot;" date="2026-01-21T07:49:27.400" /><!-- duration: 0ms -->
          <step title="Executing external process" date="2026-01-21T07:49:27.414" type="process" path="starter.cmd" arguments="&quot;C:\home\site\deployments\tools\deploy.cmd&quot;" >
            <step title="Handling Basic Web Site deployment." date="2026-01-21T07:49:28.867" /><!-- duration: 16ms -->
            <step title="Creating app_offline.htm" date="2026-01-21T07:49:29.180" /><!-- duration: 20ms -->
            <step title="KuduSync.NET from: &apos;C:\local\Temp\zipdeploy\extracted&apos; to: &apos;C:\home\site\wwwroot&apos;" date="2026-01-21T07:49:29.211" /><!-- duration: 0ms -->
            <step title="Copying file: &apos;efbundle.exe&apos;" date="2026-01-21T07:49:29.230" /><!-- duration: 0ms -->
            <step title="Copying file: &apos;FileService.Api.deps.json&apos;" date="2026-01-21T07:49:29.242" /><!-- duration: 18ms -->
            <step title="Copying file: &apos;FileService.Api.dll&apos;" date="2026-01-21T07:49:29.260" /><!-- duration: 20ms -->
            <step title="Copying file: &apos;FileService.Api.exe&apos;" date="2026-01-21T07:49:29.290" /><!-- duration: 0ms -->
            <step title="Copying file: &apos;FileService.Api.pdb&apos;" date="2026-01-21T07:49:29.310" /><!-- duration: 10ms -->
            <step title="Copying file: &apos;FileService.Api.runtimeconfig.json&apos;" date="2026-01-21T07:49:29.340" /><!-- duration: 0ms -->
            <step title="Copying file: &apos;FileService.Infrastructure.dll&apos;" date="2026-01-21T07:49:29.340" /><!-- duration: 0ms -->
            <step title="Copying file: &apos;FileService.Infrastructure.pdb&apos;" date="2026-01-21T07:49:29.351" /><!-- duration: 0ms -->
            <step title="Deleting app_offline.htm" date="2026-01-21T07:49:29.351" /><!-- duration: 0ms -->
            <step title="Finished successfully." date="2026-01-21T07:49:29.351" /><!-- duration: 16ms -->
          </step><!-- duration: 1953ms -->
          <step title="Build completed succesfully." date="2026-01-21T07:49:29.414" /><!-- duration: 0ms -->
          <step title="Running post deployment command(s)..." date="2026-01-21T07:49:29.461" /><!-- duration: 0ms -->
          <step title="Requesting site restart" date="2026-01-21T07:49:29.523" /><!-- duration: 0ms -->
          <step title="Requesting site restart" date="2026-01-21T07:49:29.540" /><!-- duration: 0ms -->
          <step title="Requesting site restart. Attempt #1" date="2026-01-21T07:49:29.590" /><!-- duration: 12ms -->
          <step title="Requesting site restart. Attempt #1" date="2026-01-21T07:49:29.601" /><!-- duration: 0ms -->
          <step title="Successfully requested a restart. Attempt #1" date="2026-01-21T07:49:29.760" /><!-- duration: 0ms -->
          <step title="Successfully requested a restart. Attempt #1" date="2026-01-21T07:49:29.760" /><!-- duration: 13ms -->
          <step title="Deployment successful. DEPLOYMENTINFO: deploymentPath = OneDeploy, deployer = OneDeploy, os = windows, sku = Basic, siteName = filesvc-stg-app, siteHostName = filesvc-stg-app.chinacloudsites.cn, deploymentStatus = Success" date="2026-01-21T07:49:29.851" /><!-- duration: 0ms -->
        </step><!-- duration: 2938ms -->
      </step><!-- duration: 3340ms -->
      <step title="Cleaning up temp files" date="2026-01-21T07:49:29.992" /><!-- duration: 0ms -->
      <step title="Skip function trigger and logicapp sync because function is not enabled." date="2026-01-21T07:49:30.023" /><!-- duration: 0ms -->
    </step><!-- duration: 8579ms -->
    <step title="LockFile &apos;C:\home\site\locks\deployments.lock&apos; released" date="2026-01-21T07:49:30.054" /><!-- duration: 0ms -->
    <step title="Deleting shutdown sentinel file" date="2026-01-21T07:49:30.054" SemaphoreCount="8" /><!-- duration: 0ms -->
  </step><!-- duration: 25662ms -->
  <step title="Outgoing response" date="2026-01-21T07:49:30.054" type="response" statusCode="200" statusText="OK" Server="Microsoft-IIS/10.0" x-ms-request-id="a5141193-f69d-11f0-80b3-c4cb7696db44" Cache-Control="private" X-AspNet-Version="4.0.30319" /><!-- duration: 47ms -->
</step><!-- duration: 25740ms -->
