<step title="Incoming Request" date="2026-01-21T09:05:09.217" instance="89efd1" url="/api/publish?type=zip" method="POST" type="request" pid="5868,2,7" Cache-Control="no-cache" Content-Length="7793101" Content-Type="application/octet-stream" Accept="*/*" Accept-Encoding="gzip, deflate" Authorization="Bea..." Host="filesvc-stg-app.scm.chinacloudsites.cn" User-Agent="AZURECLI/2.77.0 (MSI)" x-ms-client-request-id="46e22888-f6a8-11f0-9489-c4cb7696db44" X-ARR-LOG-ID="46e22888-f6a8-11f0-9489-c4cb7696db44" CLIENT-IP="1.202.38.150:9163" X-SITE-DEPLOYMENT-ID="filesvc-stg-app" WAS-DEFAULT-HOSTNAME="filesvc-stg-app.scm.chinacloudsites.cn" X-Forwarded-Proto="https" X-AppService-Proto="https" X-Forwarded-TlsVersion="1.3" X-WAWS-Unencoded-URL="/api/publish?type=zip" >
  <step title="Cleanup Xml Logs" date="2026-01-21T09:05:09.217" /><!-- duration: 11ms -->
  <step title="OneDeploy" date="2026-01-21T09:05:09.884" >
    <step title="Starting PushDeployAsync" date="2026-01-21T09:05:09.920" /><!-- duration: 11ms -->
    <step title="Updating shutdown sentinel last write time" date="2026-01-21T09:05:10.010" SemaphoreCount="7" /><!-- duration: 0ms -->
    <step title="LockFile &apos;C:\home\site\locks\deployments.lock&apos; acquired" date="2026-01-21T09:05:10.030" /><!-- duration: 0ms -->
    <step title="Saving request content to C:\local\Temp\zipdeploy\gbipxegp.zip" date="2026-01-21T09:05:10.041" >
      <step title="Total 7,793,101 bytes written to C:\local\Temp\zipdeploy\gbipxegp.zip" date="2026-01-21T09:05:12.420" /><!-- duration: 0ms -->
    </step><!-- duration: 2395ms -->
    <step title="LockFile &apos;C:\home\site\locks\deployments.lock&apos; released" date="2026-01-21T09:05:12.435" /><!-- duration: 0ms -->
    <step title="Deleting shutdown sentinel file" date="2026-01-21T09:05:12.435" SemaphoreCount="8" /><!-- duration: 0ms -->
    <step title="Starting FetchDeploy" date="2026-01-21T09:05:12.467" /><!-- duration: 0ms -->
    <step title="Attempting to fetch target branch HEAD" date="2026-01-21T09:05:12.467" /><!-- duration: 0ms -->
    <step title="Updating shutdown sentinel last write time" date="2026-01-21T09:05:12.515" SemaphoreCount="7" /><!-- duration: 0ms -->
    <step title="LockFile &apos;C:\home\site\locks\deployments.lock&apos; acquired" date="2026-01-21T09:05:12.515" /><!-- duration: 20ms -->
    <step title="Performing fetch based deployment" date="2026-01-21T09:05:12.565" >
      <step title="Creating temporary deployment" date="2026-01-21T09:05:12.565" /><!-- duration: 136ms -->
      <step title="Fetching changes." date="2026-01-21T09:05:12.829" /><!-- duration: 0ms -->
      <step title="Starting LocalZipHandler" date="2026-01-21T09:05:12.842" /><!-- duration: 17ms -->
      <step title="Starting LocalZipFetch" date="2026-01-21T09:05:12.879" /><!-- duration: 10ms -->
      <step title="Cleaning up temp folders from previous zip deployments and extracting pushed zip file C:\local\Temp\zipdeploy\gbipxegp.zip (7.43 MB) to C:\local\Temp\zipdeploy\extracted" date="2026-01-21T09:05:12.889" /><!-- duration: 0ms -->
      <step title="Cleaning up temp folders from previous zip deployments and extracting pushed zip file C:\local\Temp\zipdeploy\gbipxegp.zip (7.43 MB) to C:\local\Temp\zipdeploy\extracted" date="2026-01-21T09:05:12.909" >
        <step title="Renaming extractTargetDirectory(C:\local\Temp\zipdeploy\extracted) to tempDirectory(C:\local\Temp\zipdeploy\vwhagztr.pmr)" date="2026-01-21T09:05:12.920" /><!-- duration: 0ms -->
        <step title="Extracting 81 entries to C:\local\Temp\zipdeploy\extracted directory" date="2026-01-21T09:05:13.060" >
          <step title="Extracting to C:\local\Temp\zipdeploy\extracted\runtimes\unix\lib\net6.0\Microsoft.Data.SqlClient.dll ..." date="2026-01-21T09:05:13.079" /><!-- duration: 170ms -->
          <step title="Extracting to C:\local\Temp\zipdeploy\extracted\runtimes\unix\lib\net6.0\System.Drawing.Common.dll ..." date="2026-01-21T09:05:13.269" /><!-- duration: 30ms -->
          <step title="Extracting to C:\local\Temp\zipdeploy\extracted\runtimes\win\lib\net6.0\Microsoft.Data.SqlClient.dll ..." date="2026-01-21T09:05:13.310" /><!-- duration: 79ms -->
          <step title="Extracting to C:\local\Temp\zipdeploy\extracted\runtimes\win\lib\net6.0\Microsoft.Win32.SystemEvents.dll ..." date="2026-01-21T09:05:13.409" /><!-- duration: 10ms -->
          <step title="Extracting to C:\local\Temp\zipdeploy\extracted\runtimes\win\lib\net6.0\System.Drawing.Common.dll ..." date="2026-01-21T09:05:13.420" /><!-- duration: 20ms -->
          <step title="Omitting extracting file traces ..." date="2026-01-21T09:05:13.439" /><!-- duration: 12ms -->
        </step><!-- duration: 1331ms -->
      </step><!-- duration: 1482ms -->
      <step title="None repository commit" date="2026-01-21T09:05:14.404" >
        <step title="Commit id: 4087ec162b2b469496f76f4a537eaab6" date="2026-01-21T09:05:14.404" Message="OneDeploy" AuthorName="N/A" AuthorEmail="N/A" /><!-- duration: 17ms -->
      </step><!-- duration: 17ms -->
      <step title="Before sending BuildRequestReceived status to /api/updatedeploystatus" date="2026-01-21T09:05:14.421" /><!-- duration: 0ms -->
      <step title="DeploymentManager.Deploy(id:4087ec162b2b469496f76f4a537eaab6)" date="2026-01-21T09:05:14.451" >
        <step title="Collecting changeset information" date="2026-01-21T09:05:14.471" /><!-- duration: 30ms -->
        <step title="Updating submodules" date="2026-01-21T09:05:14.501" >
          <step title="Updating submodules." date="2026-01-21T09:05:14.561" /><!-- duration: 0ms -->
        </step><!-- duration: 60ms -->
        <step title="Preparing deployment for commit id &apos;4087ec162b&apos;." date="2026-01-21T09:05:14.641" /><!-- duration: 0ms -->
        <step title="Determining deployment builder" date="2026-01-21T09:05:14.691" >
          <step title="Builder is OneDeployBuilder" date="2026-01-21T09:05:14.721" /><!-- duration: 11ms -->
        </step><!-- duration: 72ms -->
        <step title="Copying SSH keys" date="2026-01-21T09:05:14.781" /><!-- duration: 14ms -->
        <step title="Building" date="2026-01-21T09:05:14.795" >
          <step title="Running build. Project type: OneDeploy" date="2026-01-21T09:05:14.842" /><!-- duration: 0ms -->
          <step title="Copying the manifest" date="2026-01-21T09:05:14.891" /><!-- duration: 0ms -->
          <step title="Clean deploying to C:\home\site\wwwroot" date="2026-01-21T09:05:14.971" /><!-- duration: 0ms -->
          <step title="Generating deployment script." date="2026-01-21T09:05:15.031" /><!-- duration: 0ms -->
          <step title="Generating deployment script" date="2026-01-21T09:05:15.051" >
            <step title="Using cached version of the deployment script for command: -y --no-dot-deployment -r &quot;C:\local\Temp\zipdeploy\extracted&quot; -o &quot;C:\home\site\deployments\tools&quot; --basic --sitePath &quot;C:\local\Temp\zipdeploy\extracted&quot;" date="2026-01-21T09:05:15.201" /><!-- duration: 0ms -->
            <step title="Using cached version of deployment script (command: &apos;azure -y --no-dot-deployment -r &quot;C:\local\Temp\zipdeploy\extracted&quot; -o &quot;C:\home\site\deployments\tools&quot; --basic --sitePath &quot;C:\local\Temp\zipdeploy\extracted&quot;&apos;)." date="2026-01-21T09:05:15.232" /><!-- duration: 0ms -->
          </step><!-- duration: 200ms -->
          <step title="Running deployment command..." date="2026-01-21T09:05:15.332" /><!-- duration: 0ms -->
          <step title="Command: &quot;C:\home\site\deployments\tools\deploy.cmd&quot;" date="2026-01-21T09:05:15.342" /><!-- duration: 0ms -->
          <step title="Executing external process" date="2026-01-21T09:05:15.392" type="process" path="starter.cmd" arguments="&quot;C:\home\site\deployments\tools\deploy.cmd&quot;" >
            <step title="Handling Basic Web Site deployment." date="2026-01-21T09:05:16.281" /><!-- duration: 20ms -->
            <step title="Creating app_offline.htm" date="2026-01-21T09:05:18.154" /><!-- duration: 20ms -->
            <step title="KuduSync.NET from: &apos;C:\local\Temp\zipdeploy\extracted&apos; to: &apos;C:\home\site\wwwroot&apos;" date="2026-01-21T09:05:18.204" /><!-- duration: 0ms -->
            <step title="Copying file: &apos;FileService.Api.staticwebassets.endpoints.json&apos;" date="2026-01-21T09:05:18.217" /><!-- duration: 18ms -->
            <step title="Copying file: &apos;wwwroot\staging-tools.html&apos;" date="2026-01-21T09:05:18.234" /><!-- duration: 20ms -->
            <step title="Copying file: &apos;wwwroot\staging-tools.html.br&apos;" date="2026-01-21T09:05:18.264" /><!-- duration: 0ms -->
            <step title="Copying file: &apos;wwwroot\staging-tools.html.gz&apos;" date="2026-01-21T09:05:18.284" /><!-- duration: 11ms -->
            <step title="Deleting app_offline.htm" date="2026-01-21T09:05:18.295" /><!-- duration: 19ms -->
            <step title="Finished successfully." date="2026-01-21T09:05:18.467" /><!-- duration: 0ms -->
          </step><!-- duration: 3123ms -->
          <step title="Build completed succesfully." date="2026-01-21T09:05:18.560" /><!-- duration: 0ms -->
          <step title="Running post deployment command(s)..." date="2026-01-21T09:05:18.624" /><!-- duration: 0ms -->
          <step title="Requesting site restart" date="2026-01-21T09:05:18.717" /><!-- duration: 0ms -->
          <step title="Requesting site restart" date="2026-01-21T09:05:18.734" /><!-- duration: 0ms -->
          <step title="Requesting site restart. Attempt #1" date="2026-01-21T09:05:18.814" /><!-- duration: 0ms -->
          <step title="Requesting site restart. Attempt #1" date="2026-01-21T09:05:18.826" /><!-- duration: 0ms -->
          <step title="Successfully requested a restart. Attempt #1" date="2026-01-21T09:05:20.952" /><!-- duration: 0ms -->
          <step title="Successfully requested a restart. Attempt #1" date="2026-01-21T09:05:20.982" /><!-- duration: 16ms -->
          <step title="Deployment successful. DEPLOYMENTINFO: deploymentPath = OneDeploy, deployer = OneDeploy, os = windows, sku = Basic, siteName = filesvc-stg-app, siteHostName = filesvc-stg-app.chinacloudsites.cn, deploymentStatus = Success" date="2026-01-21T09:05:21.029" /><!-- duration: 0ms -->
          <step title="Purge deployment items" date="2026-01-21T09:05:21.295" >
            <step title="Remove 239516e0e, Success, received at 1/21/2026 3:57:51 AM" date="2026-01-21T09:05:21.393" /><!-- duration: 11ms -->
          </step><!-- duration: 109ms -->
        </step><!-- duration: 6628ms -->
      </step><!-- duration: 6984ms -->
      <step title="Cleaning up temp files" date="2026-01-21T09:05:21.435" /><!-- duration: 18ms -->
      <step title="Skip function trigger and logicapp sync because function is not enabled." date="2026-01-21T09:05:21.514" /><!-- duration: 0ms -->
    </step><!-- duration: 9011ms -->
    <step title="LockFile &apos;C:\home\site\locks\deployments.lock&apos; released" date="2026-01-21T09:05:21.593" /><!-- duration: 0ms -->
    <step title="Deleting shutdown sentinel file" date="2026-01-21T09:05:21.593" SemaphoreCount="8" /><!-- duration: 20ms -->
  </step><!-- duration: 11729ms -->
  <step title="Outgoing response" date="2026-01-21T09:05:21.723" type="response" statusCode="200" statusText="OK" Server="Microsoft-IIS/10.0" x-ms-request-id="46e22888-f6a8-11f0-9489-c4cb7696db44" Cache-Control="private" X-AspNet-Version="4.0.30319" /><!-- duration: 30ms -->
</step><!-- duration: 12536ms -->
