<step title="Incoming Request" date="2026-01-21T07:51:19.114" instance="89efd1" url="/api/publish?type=zip" method="POST" type="request" pid="1428,2,31" Cache-Control="no-cache" Content-Length="37851928" Content-Type="application/octet-stream" Accept="*/*" Accept-Encoding="gzip, deflate" Authorization="Bea..." Host="filesvc-stg-app.scm.chinacloudsites.cn" User-Agent="AZURECLI/2.77.0 (MSI)" x-ms-client-request-id="f5a2e247-f69d-11f0-b115-c4cb7696db44" X-ARR-LOG-ID="f5a2e247-f69d-11f0-b115-c4cb7696db44" CLIENT-IP="123.123.134.23:9784" X-SITE-DEPLOYMENT-ID="filesvc-stg-app" WAS-DEFAULT-HOSTNAME="filesvc-stg-app.scm.chinacloudsites.cn" X-Forwarded-Proto="https" X-AppService-Proto="https" X-Forwarded-TlsVersion="1.3" X-WAWS-Unencoded-URL="/api/publish?type=zip" >
  <step title="Cleanup Xml Logs" date="2026-01-21T07:51:19.114" /><!-- duration: 0ms -->
  <step title="OneDeploy" date="2026-01-21T07:51:19.133" >
    <step title="Starting PushDeployAsync" date="2026-01-21T07:51:19.146" /><!-- duration: 0ms -->
    <step title="Updating shutdown sentinel last write time" date="2026-01-21T07:51:19.146" SemaphoreCount="7" /><!-- duration: 17ms -->
    <step title="LockFile &apos;C:\home\site\locks\deployments.lock&apos; acquired" date="2026-01-21T07:51:19.163" /><!-- duration: 0ms -->
    <step title="Saving request content to C:\local\Temp\zipdeploy\trtarhrx.zip" date="2026-01-21T07:51:19.177" >
      <step title="Total 37,851,928 bytes written to C:\local\Temp\zipdeploy\trtarhrx.zip" date="2026-01-21T07:51:35.443" /><!-- duration: 0ms -->
    </step><!-- duration: 16266ms -->
    <step title="LockFile &apos;C:\home\site\locks\deployments.lock&apos; released" date="2026-01-21T07:51:35.443" /><!-- duration: 0ms -->
    <step title="Deleting shutdown sentinel file" date="2026-01-21T07:51:35.459" SemaphoreCount="8" /><!-- duration: 0ms -->
    <step title="Starting FetchDeploy" date="2026-01-21T07:51:35.459" /><!-- duration: 0ms -->
    <step title="Attempting to fetch target branch HEAD" date="2026-01-21T07:51:35.459" /><!-- duration: 0ms -->
    <step title="Updating shutdown sentinel last write time" date="2026-01-21T07:51:35.474" SemaphoreCount="7" /><!-- duration: 0ms -->
    <step title="LockFile &apos;C:\home\site\locks\deployments.lock&apos; acquired" date="2026-01-21T07:51:35.474" /><!-- duration: 0ms -->
    <step title="Performing fetch based deployment" date="2026-01-21T07:51:35.490" >
      <step title="Creating temporary deployment" date="2026-01-21T07:51:35.490" /><!-- duration: 36ms -->
      <step title="Fetching changes." date="2026-01-21T07:51:35.586" /><!-- duration: 0ms -->
      <step title="Starting LocalZipHandler" date="2026-01-21T07:51:35.599" /><!-- duration: 0ms -->
      <step title="Starting LocalZipFetch" date="2026-01-21T07:51:35.616" /><!-- duration: 0ms -->
      <step title="Cleaning up temp folders from previous zip deployments and extracting pushed zip file C:\local\Temp\zipdeploy\trtarhrx.zip (36.10 MB) to C:\local\Temp\zipdeploy\extracted" date="2026-01-21T07:51:35.616" /><!-- duration: 20ms -->
      <step title="Cleaning up temp folders from previous zip deployments and extracting pushed zip file C:\local\Temp\zipdeploy\trtarhrx.zip (36.10 MB) to C:\local\Temp\zipdeploy\extracted" date="2026-01-21T07:51:35.636" >
        <step title="Renaming extractTargetDirectory(C:\local\Temp\zipdeploy\extracted) to tempDirectory(C:\local\Temp\zipdeploy\sx0nnvib.cxw)" date="2026-01-21T07:51:35.646" /><!-- duration: 0ms -->
        <step title="Extracting 123 entries to C:\local\Temp\zipdeploy\extracted directory" date="2026-01-21T07:51:35.818" >
          <step title="Extracting to C:\local\Temp\zipdeploy\extracted\runtimes\browser-wasm\nativeassets\net9.0\e_sqlite3.a ..." date="2026-01-21T07:51:35.849" /><!-- duration: 78ms -->
          <step title="Extracting to C:\local\Temp\zipdeploy\extracted\runtimes\linux-arm\native\libe_sqlite3.so ..." date="2026-01-21T07:51:35.947" /><!-- duration: 60ms -->
          <step title="Extracting to C:\local\Temp\zipdeploy\extracted\runtimes\linux-arm64\native\libe_sqlite3.so ..." date="2026-01-21T07:51:36.007" /><!-- duration: 80ms -->
          <step title="Extracting to C:\local\Temp\zipdeploy\extracted\runtimes\linux-armel\native\libe_sqlite3.so ..." date="2026-01-21T07:51:36.099" /><!-- duration: 78ms -->
          <step title="Extracting to C:\local\Temp\zipdeploy\extracted\runtimes\linux-mips64\native\libe_sqlite3.so ..." date="2026-01-21T07:51:36.178" /><!-- duration: 78ms -->
          <step title="Omitting extracting file traces ..." date="2026-01-21T07:51:36.274" /><!-- duration: 60ms -->
        </step><!-- duration: 4913ms -->
      </step><!-- duration: 5105ms -->
      <step title="None repository commit" date="2026-01-21T07:51:40.741" >
        <step title="Commit id: 1c80ba3a31da4670a0d755404cf6e208" date="2026-01-21T07:51:40.741" Message="OneDeploy" AuthorName="N/A" AuthorEmail="N/A" /><!-- duration: 0ms -->
      </step><!-- duration: 0ms -->
      <step title="Before sending BuildRequestReceived status to /api/updatedeploystatus" date="2026-01-21T07:51:40.741" /><!-- duration: 0ms -->
      <step title="DeploymentManager.Deploy(id:1c80ba3a31da4670a0d755404cf6e208)" date="2026-01-21T07:51:40.741" >
        <step title="Collecting changeset information" date="2026-01-21T07:51:40.756" /><!-- duration: 35ms -->
        <step title="Updating submodules" date="2026-01-21T07:51:40.803" >
          <step title="Updating submodules." date="2026-01-21T07:51:40.851" /><!-- duration: 0ms -->
        </step><!-- duration: 68ms -->
        <step title="Preparing deployment for commit id &apos;1c80ba3a31&apos;." date="2026-01-21T07:51:40.931" /><!-- duration: 0ms -->
        <step title="Determining deployment builder" date="2026-01-21T07:51:40.991" >
          <step title="Builder is OneDeployBuilder" date="2026-01-21T07:51:40.991" /><!-- duration: 0ms -->
        </step><!-- duration: 0ms -->
        <step title="Copying SSH keys" date="2026-01-21T07:51:41.021" /><!-- duration: 0ms -->
        <step title="Building" date="2026-01-21T07:51:41.021" >
          <step title="Running build. Project type: OneDeploy" date="2026-01-21T07:51:41.101" /><!-- duration: 0ms -->
          <step title="Copying the manifest" date="2026-01-21T07:51:41.162" /><!-- duration: 0ms -->
          <step title="Clean deploying to C:\home\site\wwwroot" date="2026-01-21T07:51:41.259" /><!-- duration: 0ms -->
          <step title="Generating deployment script." date="2026-01-21T07:51:41.319" /><!-- duration: 0ms -->
          <step title="Generating deployment script" date="2026-01-21T07:51:41.339" >
            <step title="Using cached version of the deployment script for command: -y --no-dot-deployment -r &quot;C:\local\Temp\zipdeploy\extracted&quot; -o &quot;C:\home\site\deployments\tools&quot; --basic --sitePath &quot;C:\local\Temp\zipdeploy\extracted&quot;" date="2026-01-21T07:51:41.369" /><!-- duration: 0ms -->
            <step title="Using cached version of deployment script (command: &apos;azure -y --no-dot-deployment -r &quot;C:\local\Temp\zipdeploy\extracted&quot; -o &quot;C:\home\site\deployments\tools&quot; --basic --sitePath &quot;C:\local\Temp\zipdeploy\extracted&quot;&apos;)." date="2026-01-21T07:51:41.381" /><!-- duration: 0ms -->
          </step><!-- duration: 73ms -->
          <step title="Running deployment command..." date="2026-01-21T07:51:41.443" /><!-- duration: 0ms -->
          <step title="Command: &quot;C:\home\site\deployments\tools\deploy.cmd&quot;" date="2026-01-21T07:51:41.443" /><!-- duration: 16ms -->
          <step title="Executing external process" date="2026-01-21T07:51:41.459" type="process" path="starter.cmd" arguments="&quot;C:\home\site\deployments\tools\deploy.cmd&quot;" >
            <step title="Handling Basic Web Site deployment." date="2026-01-21T07:51:42.009" /><!-- duration: 0ms -->
            <step title="Creating app_offline.htm" date="2026-01-21T07:51:43.251" /><!-- duration: 0ms -->
            <step title="KuduSync.NET from: &apos;C:\local\Temp\zipdeploy\extracted&apos; to: &apos;C:\home\site\wwwroot&apos;" date="2026-01-21T07:51:43.271" /><!-- duration: 0ms -->
            <step title="Copying file: &apos;efbundle.exe&apos;" date="2026-01-21T07:51:43.281" /><!-- duration: 20ms -->
            <step title="Copying file: &apos;FileService.Api.deps.json&apos;" date="2026-01-21T07:51:43.317" /><!-- duration: 0ms -->
            <step title="Copying file: &apos;FileService.Api.dll&apos;" date="2026-01-21T07:51:43.333" /><!-- duration: 11ms -->
            <step title="Copying file: &apos;FileService.Api.exe&apos;" date="2026-01-21T07:51:43.363" /><!-- duration: 0ms -->
            <step title="Copying file: &apos;FileService.Api.pdb&apos;" date="2026-01-21T07:51:43.375" /><!-- duration: 0ms -->
            <step title="Copying file: &apos;FileService.Api.runtimeconfig.json&apos;" date="2026-01-21T07:51:43.393" /><!-- duration: 0ms -->
            <step title="Deleting app_offline.htm" date="2026-01-21T07:51:43.437" /><!-- duration: 0ms -->
            <step title="Finished successfully." date="2026-01-21T07:51:43.437" /><!-- duration: 18ms -->
          </step><!-- duration: 1996ms -->
          <step title="Build completed succesfully." date="2026-01-21T07:51:43.485" /><!-- duration: 0ms -->
          <step title="Running post deployment command(s)..." date="2026-01-21T07:51:43.565" /><!-- duration: 0ms -->
          <step title="Requesting site restart" date="2026-01-21T07:51:43.645" /><!-- duration: 0ms -->
          <step title="Requesting site restart" date="2026-01-21T07:51:43.656" /><!-- duration: 0ms -->
          <step title="Requesting site restart. Attempt #1" date="2026-01-21T07:51:43.687" /><!-- duration: 0ms -->
          <step title="Requesting site restart. Attempt #1" date="2026-01-21T07:51:43.705" /><!-- duration: 0ms -->
          <step title="Successfully requested a restart. Attempt #1" date="2026-01-21T07:51:43.844" /><!-- duration: 0ms -->
          <step title="Successfully requested a restart. Attempt #1" date="2026-01-21T07:51:43.862" /><!-- duration: 0ms -->
          <step title="Deployment successful. DEPLOYMENTINFO: deploymentPath = OneDeploy, deployer = OneDeploy, os = windows, sku = Basic, siteName = filesvc-stg-app, siteHostName = filesvc-stg-app.chinacloudsites.cn, deploymentStatus = Success" date="2026-01-21T07:51:43.892" /><!-- duration: 0ms -->
          <step title="Purge deployment items" date="2026-01-21T07:51:44.015" >
            <step title="Remove 0f869a7bf, Success, received at 1/20/2026 2:15:08 PM" date="2026-01-21T07:51:44.062" /><!-- duration: 20ms -->
          </step><!-- duration: 67ms -->
        </step><!-- duration: 3091ms -->
      </step><!-- duration: 3372ms -->
      <step title="Cleaning up temp files" date="2026-01-21T07:51:44.113" /><!-- duration: 12ms -->
      <step title="Skip function trigger and logicapp sync because function is not enabled." date="2026-01-21T07:51:44.125" /><!-- duration: 18ms -->
    </step><!-- duration: 8703ms -->
    <step title="LockFile &apos;C:\home\site\locks\deployments.lock&apos; released" date="2026-01-21T07:51:44.203" /><!-- duration: 0ms -->
    <step title="Deleting shutdown sentinel file" date="2026-01-21T07:51:44.203" SemaphoreCount="8" /><!-- duration: 20ms -->
  </step><!-- duration: 25090ms -->
  <step title="Outgoing response" date="2026-01-21T07:51:44.223" type="response" statusCode="200" statusText="OK" Server="Microsoft-IIS/10.0" x-ms-request-id="f5a2e247-f69d-11f0-b115-c4cb7696db44" Cache-Control="private" X-AspNet-Version="4.0.30319" /><!-- duration: 43ms -->
</step><!-- duration: 25168ms -->
