<step title="Incoming Request" date="2026-01-21T09:14:36.776" instance="89efd1" url="/api/publish?type=zip" method="POST" type="request" pid="5868,2,22" Cache-Control="no-cache" Content-Length="7793621" Content-Type="application/octet-stream" Accept="*/*" Accept-Encoding="gzip, deflate" Authorization="Bea..." Host="filesvc-stg-app.scm.chinacloudsites.cn" User-Agent="AZURECLI/2.77.0 (MSI)" x-ms-client-request-id="99a90af2-f6a9-11f0-a073-c4cb7696db44" X-ARR-LOG-ID="99a90af2-f6a9-11f0-a073-c4cb7696db44" CLIENT-IP="1.202.38.150:16918" X-SITE-DEPLOYMENT-ID="filesvc-stg-app" WAS-DEFAULT-HOSTNAME="filesvc-stg-app.scm.chinacloudsites.cn" X-Forwarded-Proto="https" X-AppService-Proto="https" X-Forwarded-TlsVersion="1.3" X-WAWS-Unencoded-URL="/api/publish?type=zip" >
  <step title="Cleanup Xml Logs" date="2026-01-21T09:14:36.795" /><!-- duration: 0ms -->
  <step title="OneDeploy" date="2026-01-21T09:14:36.807" >
    <step title="Starting PushDeployAsync" date="2026-01-21T09:14:36.807" /><!-- duration: 19ms -->
    <step title="Updating shutdown sentinel last write time" date="2026-01-21T09:14:36.826" SemaphoreCount="7" /><!-- duration: 12ms -->
    <step title="LockFile &apos;C:\home\site\locks\deployments.lock&apos; acquired" date="2026-01-21T09:14:36.869" /><!-- duration: 0ms -->
    <step title="Saving request content to C:\local\Temp\zipdeploy\lmzpjptk.zip" date="2026-01-21T09:14:36.869" >
      <step title="Total 7,793,621 bytes written to C:\local\Temp\zipdeploy\lmzpjptk.zip" date="2026-01-21T09:14:39.650" /><!-- duration: 0ms -->
    </step><!-- duration: 2781ms -->
    <step title="LockFile &apos;C:\home\site\locks\deployments.lock&apos; released" date="2026-01-21T09:14:39.650" /><!-- duration: 16ms -->
    <step title="Deleting shutdown sentinel file" date="2026-01-21T09:14:39.666" SemaphoreCount="8" /><!-- duration: 0ms -->
    <step title="Starting FetchDeploy" date="2026-01-21T09:14:39.666" /><!-- duration: 0ms -->
    <step title="Attempting to fetch target branch HEAD" date="2026-01-21T09:14:39.666" /><!-- duration: 0ms -->
    <step title="Updating shutdown sentinel last write time" date="2026-01-21T09:14:39.682" SemaphoreCount="7" /><!-- duration: 0ms -->
    <step title="LockFile &apos;C:\home\site\locks\deployments.lock&apos; acquired" date="2026-01-21T09:14:39.697" /><!-- duration: 0ms -->
    <step title="Performing fetch based deployment" date="2026-01-21T09:14:39.697" >
      <step title="Creating temporary deployment" date="2026-01-21T09:14:39.697" /><!-- duration: 31ms -->
      <step title="Fetching changes." date="2026-01-21T09:14:39.826" /><!-- duration: 11ms -->
      <step title="Starting LocalZipHandler" date="2026-01-21T09:14:39.838" /><!-- duration: 0ms -->
      <step title="Starting LocalZipFetch" date="2026-01-21T09:14:39.838" /><!-- duration: 31ms -->
      <step title="Cleaning up temp folders from previous zip deployments and extracting pushed zip file C:\local\Temp\zipdeploy\lmzpjptk.zip (7.43 MB) to C:\local\Temp\zipdeploy\extracted" date="2026-01-21T09:14:39.869" /><!-- duration: 0ms -->
      <step title="Cleaning up temp folders from previous zip deployments and extracting pushed zip file C:\local\Temp\zipdeploy\lmzpjptk.zip (7.43 MB) to C:\local\Temp\zipdeploy\extracted" date="2026-01-21T09:14:39.869" >
        <step title="Renaming extractTargetDirectory(C:\local\Temp\zipdeploy\extracted) to tempDirectory(C:\local\Temp\zipdeploy\abbal3is.5n0)" date="2026-01-21T09:14:39.869" /><!-- duration: 0ms -->
        <step title="Extracting 81 entries to C:\local\Temp\zipdeploy\extracted directory" date="2026-01-21T09:14:39.982" >
          <step title="Extracting to C:\local\Temp\zipdeploy\extracted\runtimes\unix\lib\net6.0\Microsoft.Data.SqlClient.dll ..." date="2026-01-21T09:14:40.012" /><!-- duration: 63ms -->
          <step title="Extracting to C:\local\Temp\zipdeploy\extracted\runtimes\unix\lib\net6.0\System.Drawing.Common.dll ..." date="2026-01-21T09:14:40.088" /><!-- duration: 17ms -->
          <step title="Extracting to C:\local\Temp\zipdeploy\extracted\runtimes\win\lib\net6.0\Microsoft.Data.SqlClient.dll ..." date="2026-01-21T09:14:40.105" /><!-- duration: 80ms -->
          <step title="Extracting to C:\local\Temp\zipdeploy\extracted\runtimes\win\lib\net6.0\Microsoft.Win32.SystemEvents.dll ..." date="2026-01-21T09:14:40.197" /><!-- duration: 18ms -->
          <step title="Extracting to C:\local\Temp\zipdeploy\extracted\runtimes\win\lib\net6.0\System.Drawing.Common.dll ..." date="2026-01-21T09:14:40.215" /><!-- duration: 30ms -->
          <step title="Omitting extracting file traces ..." date="2026-01-21T09:14:40.245" /><!-- duration: 0ms -->
        </step><!-- duration: 1184ms -->
      </step><!-- duration: 1297ms -->
      <step title="None repository commit" date="2026-01-21T09:14:41.166" >
        <step title="Commit id: fc72c37d13fd4baf955bc5e3258ebe73" date="2026-01-21T09:14:41.186" Message="OneDeploy" AuthorName="N/A" AuthorEmail="N/A" /><!-- duration: 11ms -->
      </step><!-- duration: 31ms -->
      <step title="Before sending BuildRequestReceived status to /api/updatedeploystatus" date="2026-01-21T09:14:41.228" /><!-- duration: 0ms -->
      <step title="DeploymentManager.Deploy(id:fc72c37d13fd4baf955bc5e3258ebe73)" date="2026-01-21T09:14:41.228" >
        <step title="Collecting changeset information" date="2026-01-21T09:14:41.228" /><!-- duration: 31ms -->
        <step title="Updating submodules" date="2026-01-21T09:14:41.260" >
          <step title="Updating submodules." date="2026-01-21T09:14:41.307" /><!-- duration: 0ms -->
        </step><!-- duration: 48ms -->
        <step title="Preparing deployment for commit id &apos;fc72c37d13&apos;." date="2026-01-21T09:14:41.369" /><!-- duration: 48ms -->
        <step title="Determining deployment builder" date="2026-01-21T09:14:41.463" >
          <step title="Builder is OneDeployBuilder" date="2026-01-21T09:14:41.463" /><!-- duration: 0ms -->
        </step><!-- duration: 16ms -->
        <step title="Copying SSH keys" date="2026-01-21T09:14:41.497" /><!-- duration: 12ms -->
        <step title="Building" date="2026-01-21T09:14:41.510" >
          <step title="Running build. Project type: OneDeploy" date="2026-01-21T09:14:41.541" /><!-- duration: 0ms -->
          <step title="Copying the manifest" date="2026-01-21T09:14:41.608" /><!-- duration: 0ms -->
          <step title="Clean deploying to C:\home\site\wwwroot" date="2026-01-21T09:14:41.687" /><!-- duration: 10ms -->
          <step title="Generating deployment script." date="2026-01-21T09:14:41.747" /><!-- duration: 0ms -->
          <step title="Generating deployment script" date="2026-01-21T09:14:41.747" >
            <step title="Using cached version of the deployment script for command: -y --no-dot-deployment -r &quot;C:\local\Temp\zipdeploy\extracted&quot; -o &quot;C:\home\site\deployments\tools&quot; --basic --sitePath &quot;C:\local\Temp\zipdeploy\extracted&quot;" date="2026-01-21T09:14:41.760" /><!-- duration: 0ms -->
            <step title="Using cached version of deployment script (command: &apos;azure -y --no-dot-deployment -r &quot;C:\local\Temp\zipdeploy\extracted&quot; -o &quot;C:\home\site\deployments\tools&quot; --basic --sitePath &quot;C:\local\Temp\zipdeploy\extracted&quot;&apos;)." date="2026-01-21T09:14:41.775" /><!-- duration: 0ms -->
          </step><!-- duration: 59ms -->
          <step title="Running deployment command..." date="2026-01-21T09:14:41.838" /><!-- duration: 0ms -->
          <step title="Command: &quot;C:\home\site\deployments\tools\deploy.cmd&quot;" date="2026-01-21T09:14:41.857" /><!-- duration: 0ms -->
          <step title="Executing external process" date="2026-01-21T09:14:41.869" type="process" path="starter.cmd" arguments="&quot;C:\home\site\deployments\tools\deploy.cmd&quot;" >
            <step title="Handling Basic Web Site deployment." date="2026-01-21T09:14:42.388" /><!-- duration: 0ms -->
            <step title="Creating app_offline.htm" date="2026-01-21T09:14:46.201" /><!-- duration: 0ms -->
            <step title="KuduSync.NET from: &apos;C:\local\Temp\zipdeploy\extracted&apos; to: &apos;C:\home\site\wwwroot&apos;" date="2026-01-21T09:14:46.231" /><!-- duration: 0ms -->
            <step title="Copying file: &apos;FileService.Api.dll&apos;" date="2026-01-21T09:14:46.244" /><!-- duration: 0ms -->
            <step title="Copying file: &apos;FileService.Api.exe&apos;" date="2026-01-21T09:14:46.261" /><!-- duration: 0ms -->
            <step title="Copying file: &apos;FileService.Api.pdb&apos;" date="2026-01-21T09:14:46.291" /><!-- duration: 0ms -->
            <step title="Deleting app_offline.htm" date="2026-01-21T09:14:46.311" /><!-- duration: 0ms -->
            <step title="Finished successfully." date="2026-01-21T09:14:46.371" /><!-- duration: 0ms -->
          </step><!-- duration: 4583ms -->
          <step title="Build completed succesfully." date="2026-01-21T09:14:46.562" /><!-- duration: 10ms -->
          <step title="Running post deployment command(s)..." date="2026-01-21T09:14:46.853" /><!-- duration: 31ms -->
          <step title="Requesting site restart" date="2026-01-21T09:14:47.088" /><!-- duration: 16ms -->
          <step title="Requesting site restart" date="2026-01-21T09:14:47.122" /><!-- duration: 13ms -->
          <step title="Requesting site restart. Attempt #1" date="2026-01-21T09:14:47.775" /><!-- duration: 48ms -->
          <step title="Requesting site restart. Attempt #1" date="2026-01-21T09:14:47.953" /><!-- duration: 41ms -->
          <step title="Successfully requested a restart. Attempt #1" date="2026-01-21T09:14:48.684" /><!-- duration: 30ms -->
          <step title="Successfully requested a restart. Attempt #1" date="2026-01-21T09:14:49.014" /><!-- duration: 42ms -->
          <step title="Deployment successful. DEPLOYMENTINFO: deploymentPath = OneDeploy, deployer = OneDeploy, os = windows, sku = Basic, siteName = filesvc-stg-app, siteHostName = filesvc-stg-app.chinacloudsites.cn, deploymentStatus = Success" date="2026-01-21T09:14:49.234" /><!-- duration: 0ms -->
          <step title="Purge deployment items" date="2026-01-21T09:14:49.405" >
            <step title="Remove 816705b08, Success, received at 1/21/2026 4:40:44 AM" date="2026-01-21T09:14:49.525" /><!-- duration: 0ms -->
          </step><!-- duration: 140ms -->
        </step><!-- duration: 8065ms -->
      </step><!-- duration: 8346ms -->
      <step title="Cleaning up temp files" date="2026-01-21T09:14:49.605" /><!-- duration: 0ms -->
      <step title="Skip function trigger and logicapp sync because function is not enabled." date="2026-01-21T09:14:49.635" /><!-- duration: 0ms -->
    </step><!-- duration: 10078ms -->
    <step title="LockFile &apos;C:\home\site\locks\deployments.lock&apos; released" date="2026-01-21T09:14:49.947" /><!-- duration: 18ms -->
    <step title="Deleting shutdown sentinel file" date="2026-01-21T09:14:49.978" SemaphoreCount="8" /><!-- duration: 17ms -->
  </step><!-- duration: 13219ms -->
  <step title="Outgoing response" date="2026-01-21T09:14:50.076" type="response" statusCode="200" statusText="OK" Server="Microsoft-IIS/10.0" x-ms-request-id="99a90af2-f6a9-11f0-a073-c4cb7696db44" Cache-Control="private" X-AspNet-Version="4.0.30319" /><!-- duration: 12ms -->
</step><!-- duration: 13344ms -->
