<step title="Incoming Request" date="2026-01-21T12:00:01.806" instance="89efd1" url="/api/publish?type=zip" method="POST" type="request" pid="5464,2,7" Cache-Control="no-cache" Content-Length="7794193" Content-Type="application/octet-stream" Accept="*/*" Accept-Encoding="gzip, deflate" Authorization="Bea..." Host="filesvc-stg-app.scm.chinacloudsites.cn" User-Agent="AZURECLI/2.80.0 (MSI)" x-ms-client-request-id="a3987e82-f6c0-11f0-888b-68ecc5669012" X-ARR-LOG-ID="a3987e82-f6c0-11f0-888b-68ecc5669012" CLIENT-IP="45.251.107.28:41608" X-SITE-DEPLOYMENT-ID="filesvc-stg-app" WAS-DEFAULT-HOSTNAME="filesvc-stg-app.scm.chinacloudsites.cn" X-Forwarded-Proto="https" X-AppService-Proto="https" X-Forwarded-TlsVersion="1.3" X-WAWS-Unencoded-URL="/api/publish?type=zip" X-MS-COLDSTART="1" >
  <step title="OneDeploy" date="2026-01-21T12:00:04.716" >
    <step title="Starting PushDeployAsync" date="2026-01-21T12:00:04.792" /><!-- duration: 29ms -->
    <step title="Updating shutdown sentinel last write time" date="2026-01-21T12:00:05.041" SemaphoreCount="7" /><!-- duration: 14ms -->
    <step title="LockFile &apos;C:\home\site\locks\deployments.lock&apos; acquired" date="2026-01-21T12:00:05.055" /><!-- duration: 0ms -->
    <step title="Saving request content to C:\local\Temp\zipdeploy\4miqedbj.zip" date="2026-01-21T12:00:05.071" >
      <step title="Total 7,794,193 bytes written to C:\local\Temp\zipdeploy\4miqedbj.zip" date="2026-01-21T12:00:05.414" /><!-- duration: 0ms -->
    </step><!-- duration: 360ms -->
    <step title="LockFile &apos;C:\home\site\locks\deployments.lock&apos; released" date="2026-01-21T12:00:05.432" /><!-- duration: 14ms -->
    <step title="Deleting shutdown sentinel file" date="2026-01-21T12:00:05.446" SemaphoreCount="8" /><!-- duration: 0ms -->
    <step title="Starting FetchDeploy" date="2026-01-21T12:00:05.462" /><!-- duration: 0ms -->
    <step title="Attempting to fetch target branch HEAD" date="2026-01-21T12:00:05.482" /><!-- duration: 0ms -->
    <step title="Updating shutdown sentinel last write time" date="2026-01-21T12:00:05.493" SemaphoreCount="7" /><!-- duration: 0ms -->
    <step title="LockFile &apos;C:\home\site\locks\deployments.lock&apos; acquired" date="2026-01-21T12:00:05.508" /><!-- duration: 0ms -->
    <step title="Performing fetch based deployment" date="2026-01-21T12:00:05.542" >
      <step title="Creating temporary deployment" date="2026-01-21T12:00:05.542" /><!-- duration: 203ms -->
      <step title="Fetching changes." date="2026-01-21T12:00:05.914" /><!-- duration: 18ms -->
      <step title="Starting LocalZipHandler" date="2026-01-21T12:00:05.946" /><!-- duration: 0ms -->
      <step title="Starting LocalZipFetch" date="2026-01-21T12:00:05.963" /><!-- duration: 0ms -->
      <step title="Cleaning up temp folders from previous zip deployments and extracting pushed zip file C:\local\Temp\zipdeploy\4miqedbj.zip (7.43 MB) to C:\local\Temp\zipdeploy\extracted" date="2026-01-21T12:00:05.993" /><!-- duration: 0ms -->
      <step title="Cleaning up temp folders from previous zip deployments and extracting pushed zip file C:\local\Temp\zipdeploy\4miqedbj.zip (7.43 MB) to C:\local\Temp\zipdeploy\extracted" date="2026-01-21T12:00:05.993" >
        <step title="Extracting 78 entries to C:\local\Temp\zipdeploy\extracted directory" date="2026-01-21T12:00:06.055" >
          <step title="Extracting to C:\local\Temp\zipdeploy\extracted\runtimes\unix\lib\net6.0\Microsoft.Data.SqlClient.dll ..." date="2026-01-21T12:00:06.073" /><!-- duration: 92ms -->
          <step title="Extracting to C:\local\Temp\zipdeploy\extracted\runtimes\unix\lib\net6.0\System.Drawing.Common.dll ..." date="2026-01-21T12:00:06.164" /><!-- duration: 31ms -->
          <step title="Extracting to C:\local\Temp\zipdeploy\extracted\runtimes\win\lib\net6.0\Microsoft.Data.SqlClient.dll ..." date="2026-01-21T12:00:06.196" /><!-- duration: 78ms -->
          <step title="Extracting to C:\local\Temp\zipdeploy\extracted\runtimes\win\lib\net6.0\Microsoft.Win32.SystemEvents.dll ..." date="2026-01-21T12:00:06.305" /><!-- duration: 48ms -->
          <step title="Extracting to C:\local\Temp\zipdeploy\extracted\runtimes\win\lib\net6.0\System.Drawing.Common.dll ..." date="2026-01-21T12:00:06.353" /><!-- duration: 30ms -->
          <step title="Omitting extracting file traces ..." date="2026-01-21T12:00:06.383" /><!-- duration: 31ms -->
        </step><!-- duration: 1377ms -->
      </step><!-- duration: 1459ms -->
      <step title="None repository commit" date="2026-01-21T12:00:07.462" >
        <step title="Commit id: 83a2c0f19ed3454895172a5180dbff5c" date="2026-01-21T12:00:07.462" Message="OneDeploy" AuthorName="N/A" AuthorEmail="N/A" /><!-- duration: 0ms -->
      </step><!-- duration: 20ms -->
      <step title="Before sending BuildRequestReceived status to /api/updatedeploystatus" date="2026-01-21T12:00:07.482" /><!-- duration: 0ms -->
      <step title="DeploymentManager.Deploy(id:83a2c0f19ed3454895172a5180dbff5c)" date="2026-01-21T12:00:07.493" >
        <step title="Collecting changeset information" date="2026-01-21T12:00:07.530" /><!-- duration: 40ms -->
        <step title="Updating submodules" date="2026-01-21T12:00:07.571" >
          <step title="Updating submodules." date="2026-01-21T12:00:07.650" /><!-- duration: 20ms -->
        </step><!-- duration: 109ms -->
        <step title="Preparing deployment for commit id &apos;83a2c0f19e&apos;." date="2026-01-21T12:00:07.760" /><!-- duration: 0ms -->
        <step title="Determining deployment builder" date="2026-01-21T12:00:07.823" >
          <step title="Builder is OneDeployBuilder" date="2026-01-21T12:00:07.853" /><!-- duration: 31ms -->
        </step><!-- duration: 78ms -->
        <step title="Copying SSH keys" date="2026-01-21T12:00:07.918" /><!-- duration: 12ms -->
        <step title="Building" date="2026-01-21T12:00:07.930" >
          <step title="Running build. Project type: OneDeploy" date="2026-01-21T12:00:08.008" /><!-- duration: 0ms -->
          <step title="Copying the manifest" date="2026-01-21T12:00:08.071" /><!-- duration: 0ms -->
          <step title="Clean deploying to C:\home\site\wwwroot" date="2026-01-21T12:00:08.149" /><!-- duration: 19ms -->
          <step title="Generating deployment script." date="2026-01-21T12:00:08.228" /><!-- duration: 0ms -->
          <step title="Generating deployment script" date="2026-01-21T12:00:08.228" >
            <step title="Using cached version of the deployment script for command: -y --no-dot-deployment -r &quot;C:\local\Temp\zipdeploy\extracted&quot; -o &quot;C:\home\site\deployments\tools&quot; --basic --sitePath &quot;C:\local\Temp\zipdeploy\extracted&quot;" date="2026-01-21T12:00:08.418" /><!-- duration: 12ms -->
            <step title="Using cached version of deployment script (command: &apos;azure -y --no-dot-deployment -r &quot;C:\local\Temp\zipdeploy\extracted&quot; -o &quot;C:\home\site\deployments\tools&quot; --basic --sitePath &quot;C:\local\Temp\zipdeploy\extracted&quot;&apos;)." date="2026-01-21T12:00:08.448" /><!-- duration: 0ms -->
          </step><!-- duration: 250ms -->
          <step title="Running deployment command..." date="2026-01-21T12:00:08.528" /><!-- duration: 11ms -->
          <step title="Command: &quot;C:\home\site\deployments\tools\deploy.cmd&quot;" date="2026-01-21T12:00:08.558" /><!-- duration: 0ms -->
          <step title="Executing external process" date="2026-01-21T12:00:09.400" type="process" path="starter.cmd" arguments="&quot;C:\home\site\deployments\tools\deploy.cmd&quot;" >
            <step title="Handling Basic Web Site deployment." date="2026-01-21T12:00:12.884" /><!-- duration: 0ms -->
            <step title="Creating app_offline.htm" date="2026-01-21T12:00:12.934" /><!-- duration: 0ms -->
            <step title="KuduSync.NET from: &apos;C:\local\Temp\zipdeploy\extracted&apos; to: &apos;C:\home\site\wwwroot&apos;" date="2026-01-21T12:00:12.946" /><!-- duration: 0ms -->
            <step title="Copying file: &apos;appsettings.json&apos;" date="2026-01-21T12:00:12.964" /><!-- duration: 0ms -->
            <step title="Copying file: &apos;appsettings.Production.json&apos;" date="2026-01-21T12:00:12.977" /><!-- duration: 17ms -->
            <step title="Copying file: &apos;appsettings.Staging.json&apos;" date="2026-01-21T12:00:12.994" /><!-- duration: 20ms -->
            <step title="Copying file: &apos;FileService.Api.deps.json&apos;" date="2026-01-21T12:00:13.024" /><!-- duration: 0ms -->
            <step title="Copying file: &apos;FileService.Api.dll&apos;" date="2026-01-21T12:00:13.044" /><!-- duration: 0ms -->
            <step title="Copying file: &apos;FileService.Api.exe&apos;" date="2026-01-21T12:00:13.055" /><!-- duration: 19ms -->
            <step title="Copying file: &apos;FileService.Api.pdb&apos;" date="2026-01-21T12:00:13.086" /><!-- duration: 0ms -->
            <step title="Copying file: &apos;FileService.Api.runtimeconfig.json&apos;" date="2026-01-21T12:00:13.104" /><!-- duration: 0ms -->
            <step title="Copying file: &apos;FileService.Api.staticwebassets.endpoints.json&apos;" date="2026-01-21T12:00:13.118" /><!-- duration: 47ms -->
            <step title="Copying file: &apos;FileService.Core.dll&apos;" date="2026-01-21T12:00:13.385" /><!-- duration: 140ms -->
            <step title="Copying file: &apos;FileService.Core.pdb&apos;" date="2026-01-21T12:00:14.025" /><!-- duration: 20ms -->
            <step title="Copying file: &apos;FileService.Infrastructure.dll&apos;" date="2026-01-21T12:00:14.055" /><!-- duration: 20ms -->
            <step title="Copying file: &apos;FileService.Infrastructure.pdb&apos;" date="2026-01-21T12:00:14.086" /><!-- duration: 19ms -->
            <step title="Deleting file: &apos;wwwroot\staging-tools.html&apos;" date="2026-01-21T12:00:14.118" /><!-- duration: 0ms -->
            <step title="Deleting file: &apos;wwwroot\staging-tools.html.br&apos;" date="2026-01-21T12:00:14.155" /><!-- duration: 0ms -->
            <step title="Deleting file: &apos;wwwroot\staging-tools.html.gz&apos;" date="2026-01-21T12:00:14.165" /><!-- duration: 20ms -->
            <step title="Copying file: &apos;wwwroot\health-test.txt&apos;" date="2026-01-21T12:00:14.196" /><!-- duration: 31ms -->
            <step title="Copying file: &apos;wwwroot\health-test.txt.br&apos;" date="2026-01-21T12:00:14.245" /><!-- duration: 0ms -->
            <step title="Copying file: &apos;wwwroot\health-test.txt.gz&apos;" date="2026-01-21T12:00:14.275" /><!-- duration: 0ms -->
            <step title="Copying file: &apos;wwwroot\health.html&apos;" date="2026-01-21T12:00:14.305" /><!-- duration: 0ms -->
            <step title="Copying file: &apos;wwwroot\health.html.br&apos;" date="2026-01-21T12:00:14.336" /><!-- duration: 0ms -->
            <step title="Copying file: &apos;wwwroot\health.html.gz&apos;" date="2026-01-21T12:00:14.571" /><!-- duration: 19ms -->
            <step title="Copying file: &apos;wwwroot\index.html&apos;" date="2026-01-21T12:00:14.619" /><!-- duration: 0ms -->
            <step title="Copying file: &apos;wwwroot\index.html.br&apos;" date="2026-01-21T12:00:14.649" /><!-- duration: 0ms -->
            <step title="Copying file: &apos;wwwroot\index.html.gz&apos;" date="2026-01-21T12:00:14.855" /><!-- duration: 12ms -->
            <step title="Deleting app_offline.htm" date="2026-01-21T12:00:14.905" /><!-- duration: 10ms -->
            <step title="Finished successfully." date="2026-01-21T12:00:15.055" /><!-- duration: 80ms -->
          </step><!-- duration: 5766ms -->
          <step title="Build completed succesfully." date="2026-01-21T12:00:15.352" /><!-- duration: 0ms -->
          <step title="Running post deployment command(s)..." date="2026-01-21T12:00:15.414" /><!-- duration: 0ms -->
          <step title="Requesting site restart" date="2026-01-21T12:00:15.561" /><!-- duration: 10ms -->
          <step title="Requesting site restart" date="2026-01-21T12:00:15.571" /><!-- duration: 0ms -->
          <step title="Requesting site restart. Attempt #1" date="2026-01-21T12:00:15.680" /><!-- duration: 0ms -->
          <step title="Requesting site restart. Attempt #1" date="2026-01-21T12:00:15.700" /><!-- duration: 0ms -->
          <step title="Successfully requested a restart. Attempt #1" date="2026-01-21T12:00:17.180" /><!-- duration: 17ms -->
          <step title="Successfully requested a restart. Attempt #1" date="2026-01-21T12:00:17.227" /><!-- duration: 17ms -->
          <step title="Deployment successful. DEPLOYMENTINFO: deploymentPath = OneDeploy, deployer = OneDeploy, os = windows, sku = Basic, siteName = filesvc-stg-app, siteHostName = filesvc-stg-app.chinacloudsites.cn, deploymentStatus = Success" date="2026-01-21T12:00:17.293" /><!-- duration: 0ms -->
          <step title="Purge deployment items" date="2026-01-21T12:00:17.573" >
            <step title="Remove 95bbde048, Success, received at 1/21/2026 7:25:03 AM" date="2026-01-21T12:00:17.665" /><!-- duration: 18ms -->
          </step><!-- duration: 110ms -->
        </step><!-- duration: 9833ms -->
      </step><!-- duration: 10281ms -->
      <step title="Cleaning up temp files" date="2026-01-21T12:00:17.774" /><!-- duration: 19ms -->
      <step title="Skip function trigger and logicapp sync because function is not enabled." date="2026-01-21T12:00:17.805" /><!-- duration: 0ms -->
    </step><!-- duration: 12331ms -->
    <step title="LockFile &apos;C:\home\site\locks\deployments.lock&apos; released" date="2026-01-21T12:00:17.883" /><!-- duration: 0ms -->
    <step title="Deleting shutdown sentinel file" date="2026-01-21T12:00:17.883" SemaphoreCount="8" /><!-- duration: 0ms -->
  </step><!-- duration: 13187ms -->
  <step title="Outgoing response" date="2026-01-21T12:00:18.043" type="response" statusCode="200" statusText="OK" Server="Microsoft-IIS/10.0" x-ms-request-id="a3987e82-f6c0-11f0-888b-68ecc5669012" Cache-Control="private" X-AspNet-Version="4.0.30319" /><!-- duration: 12ms -->
</step><!-- duration: 16250ms -->
