<step title="Incoming Request" date="2026-01-21T04:40:28.607" instance="89efd1" url="/api/publish?type=zip" method="POST" type="request" pid="3312,2,7" Cache-Control="no-cache" Content-Length="37848799" Content-Type="application/octet-stream" Accept="*/*" Accept-Encoding="gzip, deflate" Authorization="Bea..." Host="filesvc-stg-app.scm.chinacloudsites.cn" User-Agent="AZURECLI/2.77.0 (MSI)" x-ms-client-request-id="4643da33-f683-11f0-a1c6-c4cb7696db44" X-ARR-LOG-ID="4643da33-f683-11f0-a1c6-c4cb7696db44" CLIENT-IP="123.123.134.23:10987" X-SITE-DEPLOYMENT-ID="filesvc-stg-app" WAS-DEFAULT-HOSTNAME="filesvc-stg-app.scm.chinacloudsites.cn" X-Forwarded-Proto="https" X-AppService-Proto="https" X-Forwarded-TlsVersion="1.3" X-WAWS-Unencoded-URL="/api/publish?type=zip" >
  <step title="OneDeploy" date="2026-01-21T04:40:29.908" >
    <step title="Starting PushDeployAsync" date="2026-01-21T04:40:29.998" /><!-- duration: 0ms -->
    <step title="Updating shutdown sentinel last write time" date="2026-01-21T04:40:30.218" SemaphoreCount="7" /><!-- duration: 0ms -->
    <step title="LockFile &apos;C:\home\site\locks\deployments.lock&apos; acquired" date="2026-01-21T04:40:30.218" /><!-- duration: 14ms -->
    <step title="Saving request content to C:\local\Temp\zipdeploy\y0hi3etl.zip" date="2026-01-21T04:40:30.232" >
      <step title="Total 37,848,799 bytes written to C:\local\Temp\zipdeploy\y0hi3etl.zip" date="2026-01-21T04:40:39.093" /><!-- duration: 31ms -->
    </step><!-- duration: 8910ms -->
    <step title="LockFile &apos;C:\home\site\locks\deployments.lock&apos; released" date="2026-01-21T04:40:39.156" /><!-- duration: 16ms -->
    <step title="Deleting shutdown sentinel file" date="2026-01-21T04:40:39.172" SemaphoreCount="8" /><!-- duration: 20ms -->
    <step title="Starting FetchDeploy" date="2026-01-21T04:40:39.203" /><!-- duration: 19ms -->
    <step title="Attempting to fetch target branch HEAD" date="2026-01-21T04:40:39.234" /><!-- duration: 0ms -->
    <step title="Updating shutdown sentinel last write time" date="2026-01-21T04:40:39.302" SemaphoreCount="7" /><!-- duration: 0ms -->
    <step title="LockFile &apos;C:\home\site\locks\deployments.lock&apos; acquired" date="2026-01-21T04:40:39.312" /><!-- duration: 0ms -->
    <step title="Performing fetch based deployment" date="2026-01-21T04:40:39.343" >
      <step title="Creating temporary deployment" date="2026-01-21T04:40:39.343" /><!-- duration: 129ms -->
      <step title="Fetching changes." date="2026-01-21T04:40:39.642" /><!-- duration: 0ms -->
      <step title="Starting LocalZipHandler" date="2026-01-21T04:40:39.656" /><!-- duration: 17ms -->
      <step title="Starting LocalZipFetch" date="2026-01-21T04:40:39.672" /><!-- duration: 20ms -->
      <step title="Cleaning up temp folders from previous zip deployments and extracting pushed zip file C:\local\Temp\zipdeploy\y0hi3etl.zip (36.10 MB) to C:\local\Temp\zipdeploy\extracted" date="2026-01-21T04:40:39.703" /><!-- duration: 0ms -->
      <step title="Cleaning up temp folders from previous zip deployments and extracting pushed zip file C:\local\Temp\zipdeploy\y0hi3etl.zip (36.10 MB) to C:\local\Temp\zipdeploy\extracted" date="2026-01-21T04:40:39.722" >
        <step title="Renaming extractTargetDirectory(C:\local\Temp\zipdeploy\extracted) to tempDirectory(C:\local\Temp\zipdeploy\lezleqre.ov0)" date="2026-01-21T04:40:39.722" /><!-- duration: 0ms -->
        <step title="Extracting 123 entries to C:\local\Temp\zipdeploy\extracted directory" date="2026-01-21T04:40:39.923" >
          <step title="Extracting to C:\local\Temp\zipdeploy\extracted\runtimes\browser-wasm\nativeassets\net9.0\e_sqlite3.a ..." date="2026-01-21T04:40:39.953" /><!-- duration: 110ms -->
          <step title="Extracting to C:\local\Temp\zipdeploy\extracted\runtimes\linux-arm\native\libe_sqlite3.so ..." date="2026-01-21T04:40:40.083" /><!-- duration: 60ms -->
          <step title="Extracting to C:\local\Temp\zipdeploy\extracted\runtimes\linux-arm64\native\libe_sqlite3.so ..." date="2026-01-21T04:40:40.156" /><!-- duration: 78ms -->
          <step title="Extracting to C:\local\Temp\zipdeploy\extracted\runtimes\linux-armel\native\libe_sqlite3.so ..." date="2026-01-21T04:40:40.234" /><!-- duration: 79ms -->
          <step title="Extracting to C:\local\Temp\zipdeploy\extracted\runtimes\linux-mips64\native\libe_sqlite3.so ..." date="2026-01-21T04:40:40.333" /><!-- duration: 88ms -->
          <step title="Omitting extracting file traces ..." date="2026-01-21T04:40:40.439" /><!-- duration: 61ms -->
        </step><!-- duration: 4905ms -->
      </step><!-- duration: 5123ms -->
      <step title="None repository commit" date="2026-01-21T04:40:44.845" >
        <step title="Commit id: 816705b08b5f4deda31ff86f439df14c" date="2026-01-21T04:40:44.845" Message="OneDeploy" AuthorName="N/A" AuthorEmail="N/A" /><!-- duration: 0ms -->
      </step><!-- duration: 14ms -->
      <step title="Before sending BuildRequestReceived status to /api/updatedeploystatus" date="2026-01-21T04:40:44.859" /><!-- duration: 0ms -->
      <step title="DeploymentManager.Deploy(id:816705b08b5f4deda31ff86f439df14c)" date="2026-01-21T04:40:44.875" >
        <step title="Collecting changeset information" date="2026-01-21T04:40:44.875" /><!-- duration: 31ms -->
        <step title="Updating submodules" date="2026-01-21T04:40:44.925" >
          <step title="Updating submodules." date="2026-01-21T04:40:44.985" /><!-- duration: 0ms -->
        </step><!-- duration: 80ms -->
        <step title="Preparing deployment for commit id &apos;816705b08b&apos;." date="2026-01-21T04:40:45.145" /><!-- duration: 10ms -->
        <step title="Determining deployment builder" date="2026-01-21T04:40:45.249" >
          <step title="Builder is OneDeployBuilder" date="2026-01-21T04:40:45.268" /><!-- duration: 0ms -->
        </step><!-- duration: 19ms -->
        <step title="Copying SSH keys" date="2026-01-21T04:40:45.328" /><!-- duration: 0ms -->
        <step title="Building" date="2026-01-21T04:40:45.343" >
          <step title="Running build. Project type: OneDeploy" date="2026-01-21T04:40:45.374" /><!-- duration: 0ms -->
          <step title="Copying the manifest" date="2026-01-21T04:40:45.406" /><!-- duration: 16ms -->
          <step title="Clean deploying to C:\home\site\wwwroot" date="2026-01-21T04:40:45.499" /><!-- duration: 19ms -->
          <step title="Generating deployment script." date="2026-01-21T04:40:45.578" /><!-- duration: 0ms -->
          <step title="Generating deployment script" date="2026-01-21T04:40:45.578" >
            <step title="Using cached version of the deployment script for command: -y --no-dot-deployment -r &quot;C:\local\Temp\zipdeploy\extracted&quot; -o &quot;C:\home\site\deployments\tools&quot; --basic --sitePath &quot;C:\local\Temp\zipdeploy\extracted&quot;" date="2026-01-21T04:40:45.781" /><!-- duration: 0ms -->
            <step title="Using cached version of deployment script (command: &apos;azure -y --no-dot-deployment -r &quot;C:\local\Temp\zipdeploy\extracted&quot; -o &quot;C:\home\site\deployments\tools&quot; --basic --sitePath &quot;C:\local\Temp\zipdeploy\extracted&quot;&apos;)." date="2026-01-21T04:40:45.819" /><!-- duration: 10ms -->
          </step><!-- duration: 281ms -->
          <step title="Running deployment command..." date="2026-01-21T04:40:45.909" /><!-- duration: 0ms -->
          <step title="Command: &quot;C:\home\site\deployments\tools\deploy.cmd&quot;" date="2026-01-21T04:40:45.921" /><!-- duration: 17ms -->
          <step title="Executing external process" date="2026-01-21T04:40:45.989" type="process" path="starter.cmd" arguments="&quot;C:\home\site\deployments\tools\deploy.cmd&quot;" >
            <step title="Handling Basic Web Site deployment." date="2026-01-21T04:40:46.640" /><!-- duration: 20ms -->
            <step title="Creating app_offline.htm" date="2026-01-21T04:40:51.534" /><!-- duration: 20ms -->
            <step title="KuduSync.NET from: &apos;C:\local\Temp\zipdeploy\extracted&apos; to: &apos;C:\home\site\wwwroot&apos;" date="2026-01-21T04:40:51.566" /><!-- duration: 19ms -->
            <step title="Copying file: &apos;FileService.Api.deps.json&apos;" date="2026-01-21T04:40:51.584" /><!-- duration: 12ms -->
            <step title="Copying file: &apos;FileService.Api.dll&apos;" date="2026-01-21T04:40:51.614" /><!-- duration: 0ms -->
            <step title="Copying file: &apos;FileService.Api.exe&apos;" date="2026-01-21T04:40:51.644" /><!-- duration: 0ms -->
            <step title="Copying file: &apos;FileService.Api.pdb&apos;" date="2026-01-21T04:40:51.675" /><!-- duration: 0ms -->
            <step title="Copying file: &apos;FileService.Api.runtimeconfig.json&apos;" date="2026-01-21T04:40:51.706" /><!-- duration: 0ms -->
            <step title="Deleting app_offline.htm" date="2026-01-21T04:40:51.724" /><!-- duration: 0ms -->
            <step title="Finished successfully." date="2026-01-21T04:40:51.754" /><!-- duration: 0ms -->
          </step><!-- duration: 5766ms -->
          <step title="Build completed succesfully." date="2026-01-21T04:40:51.800" /><!-- duration: 0ms -->
          <step title="Running post deployment command(s)..." date="2026-01-21T04:40:52.007" /><!-- duration: 12ms -->
          <step title="Requesting site restart" date="2026-01-21T04:40:52.147" /><!-- duration: 30ms -->
          <step title="Requesting site restart" date="2026-01-21T04:40:52.177" /><!-- duration: 20ms -->
          <step title="Requesting site restart. Attempt #1" date="2026-01-21T04:40:52.269" /><!-- duration: 18ms -->
          <step title="Requesting site restart. Attempt #1" date="2026-01-21T04:40:52.287" /><!-- duration: 20ms -->
          <step title="Successfully requested a restart. Attempt #1" date="2026-01-21T04:40:54.050" /><!-- duration: 0ms -->
          <step title="Successfully requested a restart. Attempt #1" date="2026-01-21T04:40:54.067" /><!-- duration: 0ms -->
          <step title="Deployment successful. DEPLOYMENTINFO: deploymentPath = OneDeploy, deployer = OneDeploy, os = windows, sku = Basic, siteName = filesvc-stg-app, siteHostName = filesvc-stg-app.chinacloudsites.cn, deploymentStatus = Success" date="2026-01-21T04:40:54.159" /><!-- duration: 0ms -->
        </step><!-- duration: 9113ms -->
      </step><!-- duration: 9582ms -->
      <step title="Cleaning up temp files" date="2026-01-21T04:40:54.457" /><!-- duration: 20ms -->
      <step title="Skip function trigger and logicapp sync because function is not enabled." date="2026-01-21T04:40:54.487" /><!-- duration: 0ms -->
    </step><!-- duration: 15214ms -->
    <step title="LockFile &apos;C:\home\site\locks\deployments.lock&apos; released" date="2026-01-21T04:40:54.567" /><!-- duration: 0ms -->
    <step title="Deleting shutdown sentinel file" date="2026-01-21T04:40:54.597" SemaphoreCount="8" /><!-- duration: 0ms -->
  </step><!-- duration: 24689ms -->
  <step title="Outgoing response" date="2026-01-21T04:40:54.737" type="response" statusCode="200" statusText="OK" Server="Microsoft-IIS/10.0" x-ms-request-id="4643da33-f683-11f0-a1c6-c4cb7696db44" Cache-Control="private" X-AspNet-Version="4.0.30319" /><!-- duration: 19ms -->
</step><!-- duration: 26150ms -->
