<step title="Incoming Request" date="2026-01-21T03:57:30.099" instance="89efd1" url="/api/publish?type=zip" method="POST" type="request" pid="6960,2,20" Cache-Control="no-cache" Content-Length="37848799" Content-Type="application/octet-stream" Accept="*/*" Accept-Encoding="gzip, deflate" Authorization="Bea..." Host="filesvc-stg-app.scm.chinacloudsites.cn" User-Agent="AZURECLI/2.77.0 (MSI)" x-ms-client-request-id="4ba930b8-f67d-11f0-baff-c4cb7696db44" X-ARR-LOG-ID="4ba930b8-f67d-11f0-baff-c4cb7696db44" CLIENT-IP="123.123.134.23:10660" X-SITE-DEPLOYMENT-ID="filesvc-stg-app" WAS-DEFAULT-HOSTNAME="filesvc-stg-app.scm.chinacloudsites.cn" X-Forwarded-Proto="https" X-AppService-Proto="https" X-Forwarded-TlsVersion="1.3" X-WAWS-Unencoded-URL="/api/publish?type=zip" >
  <step title="Cleanup Xml Logs" date="2026-01-21T03:57:30.111" /><!-- duration: 0ms -->
  <step title="OneDeploy" date="2026-01-21T03:57:30.129" >
    <step title="Starting PushDeployAsync" date="2026-01-21T03:57:30.129" /><!-- duration: 13ms -->
    <step title="Updating shutdown sentinel last write time" date="2026-01-21T03:57:30.159" SemaphoreCount="7" /><!-- duration: 0ms -->
    <step title="LockFile &apos;C:\home\site\locks\deployments.lock&apos; acquired" date="2026-01-21T03:57:30.189" /><!-- duration: 0ms -->
    <step title="Saving request content to C:\local\Temp\zipdeploy\l25tzhrw.zip" date="2026-01-21T03:57:30.205" >
      <step title="Total 37,848,799 bytes written to C:\local\Temp\zipdeploy\l25tzhrw.zip" date="2026-01-21T03:57:45.963" /><!-- duration: 0ms -->
    </step><!-- duration: 15774ms -->
    <step title="LockFile &apos;C:\home\site\locks\deployments.lock&apos; released" date="2026-01-21T03:57:45.978" /><!-- duration: 0ms -->
    <step title="Deleting shutdown sentinel file" date="2026-01-21T03:57:45.978" SemaphoreCount="8" /><!-- duration: 0ms -->
    <step title="Starting FetchDeploy" date="2026-01-21T03:57:45.978" /><!-- duration: 16ms -->
    <step title="Attempting to fetch target branch HEAD" date="2026-01-21T03:57:45.994" /><!-- duration: 0ms -->
    <step title="Updating shutdown sentinel last write time" date="2026-01-21T03:57:45.994" SemaphoreCount="7" /><!-- duration: 0ms -->
    <step title="LockFile &apos;C:\home\site\locks\deployments.lock&apos; acquired" date="2026-01-21T03:57:46.009" /><!-- duration: 0ms -->
    <step title="Performing fetch based deployment" date="2026-01-21T03:57:46.009" >
      <step title="Creating temporary deployment" date="2026-01-21T03:57:46.025" /><!-- duration: 19ms -->
      <step title="Fetching changes." date="2026-01-21T03:57:46.134" /><!-- duration: 0ms -->
      <step title="Starting LocalZipHandler" date="2026-01-21T03:57:46.150" /><!-- duration: 34ms -->
      <step title="Starting LocalZipFetch" date="2026-01-21T03:57:46.184" /><!-- duration: 13ms -->
      <step title="Cleaning up temp folders from previous zip deployments and extracting pushed zip file C:\local\Temp\zipdeploy\l25tzhrw.zip (36.10 MB) to C:\local\Temp\zipdeploy\extracted" date="2026-01-21T03:57:46.214" /><!-- duration: 20ms -->
      <step title="Cleaning up temp folders from previous zip deployments and extracting pushed zip file C:\local\Temp\zipdeploy\l25tzhrw.zip (36.10 MB) to C:\local\Temp\zipdeploy\extracted" date="2026-01-21T03:57:46.244" >
        <step title="Renaming extractTargetDirectory(C:\local\Temp\zipdeploy\extracted) to tempDirectory(C:\local\Temp\zipdeploy\2deoqkxw.10l)" date="2026-01-21T03:57:46.244" /><!-- duration: 0ms -->
        <step title="Extracting 123 entries to C:\local\Temp\zipdeploy\extracted directory" date="2026-01-21T03:57:46.464" >
          <step title="Extracting to C:\local\Temp\zipdeploy\extracted\runtimes\browser-wasm\nativeassets\net9.0\e_sqlite3.a ..." date="2026-01-21T03:57:46.494" /><!-- duration: 62ms -->
          <step title="Extracting to C:\local\Temp\zipdeploy\extracted\runtimes\linux-arm\native\libe_sqlite3.so ..." date="2026-01-21T03:57:46.556" /><!-- duration: 109ms -->
          <step title="Extracting to C:\local\Temp\zipdeploy\extracted\runtimes\linux-arm64\native\libe_sqlite3.so ..." date="2026-01-21T03:57:46.684" /><!-- duration: 80ms -->
          <step title="Extracting to C:\local\Temp\zipdeploy\extracted\runtimes\linux-armel\native\libe_sqlite3.so ..." date="2026-01-21T03:57:46.794" /><!-- duration: 90ms -->
          <step title="Extracting to C:\local\Temp\zipdeploy\extracted\runtimes\linux-mips64\native\libe_sqlite3.so ..." date="2026-01-21T03:57:46.885" /><!-- duration: 80ms -->
          <step title="Omitting extracting file traces ..." date="2026-01-21T03:57:46.978" /><!-- duration: 78ms -->
        </step><!-- duration: 4688ms -->
      </step><!-- duration: 4938ms -->
      <step title="None repository commit" date="2026-01-21T03:57:51.182" >
        <step title="Commit id: 239516e0e66241ba8030e666b87e8f55" date="2026-01-21T03:57:51.182" Message="OneDeploy" AuthorName="N/A" AuthorEmail="N/A" /><!-- duration: 20ms -->
      </step><!-- duration: 20ms -->
      <step title="Before sending BuildRequestReceived status to /api/updatedeploystatus" date="2026-01-21T03:57:51.213" /><!-- duration: 20ms -->
      <step title="DeploymentManager.Deploy(id:239516e0e66241ba8030e666b87e8f55)" date="2026-01-21T03:57:51.232" >
        <step title="Collecting changeset information" date="2026-01-21T03:57:51.262" /><!-- duration: 60ms -->
        <step title="Updating submodules" date="2026-01-21T03:57:51.322" >
          <step title="Updating submodules." date="2026-01-21T03:57:51.403" /><!-- duration: 0ms -->
        </step><!-- duration: 130ms -->
        <step title="Preparing deployment for commit id &apos;239516e0e6&apos;." date="2026-01-21T03:57:51.494" /><!-- duration: 19ms -->
        <step title="Determining deployment builder" date="2026-01-21T03:57:51.525" >
          <step title="Builder is OneDeployBuilder" date="2026-01-21T03:57:51.525" /><!-- duration: 18ms -->
        </step><!-- duration: 18ms -->
        <step title="Copying SSH keys" date="2026-01-21T03:57:51.573" /><!-- duration: 0ms -->
        <step title="Building" date="2026-01-21T03:57:51.573" >
          <step title="Running build. Project type: OneDeploy" date="2026-01-21T03:57:51.603" /><!-- duration: 0ms -->
          <step title="Copying the manifest" date="2026-01-21T03:57:51.728" /><!-- duration: 0ms -->
          <step title="Clean deploying to C:\home\site\wwwroot" date="2026-01-21T03:57:51.827" /><!-- duration: 11ms -->
          <step title="Generating deployment script." date="2026-01-21T03:57:51.887" /><!-- duration: 0ms -->
          <step title="Generating deployment script" date="2026-01-21T03:57:51.900" >
            <step title="Using cached version of the deployment script for command: -y --no-dot-deployment -r &quot;C:\local\Temp\zipdeploy\extracted&quot; -o &quot;C:\home\site\deployments\tools&quot; --basic --sitePath &quot;C:\local\Temp\zipdeploy\extracted&quot;" date="2026-01-21T03:57:51.937" /><!-- duration: 10ms -->
            <step title="Using cached version of deployment script (command: &apos;azure -y --no-dot-deployment -r &quot;C:\local\Temp\zipdeploy\extracted&quot; -o &quot;C:\home\site\deployments\tools&quot; --basic --sitePath &quot;C:\local\Temp\zipdeploy\extracted&quot;&apos;)." date="2026-01-21T03:57:51.967" /><!-- duration: 0ms -->
          </step><!-- duration: 78ms -->
          <step title="Running deployment command..." date="2026-01-21T03:57:52.028" /><!-- duration: 0ms -->
          <step title="Command: &quot;C:\home\site\deployments\tools\deploy.cmd&quot;" date="2026-01-21T03:57:52.041" /><!-- duration: 0ms -->
          <step title="Executing external process" date="2026-01-21T03:57:52.078" type="process" path="starter.cmd" arguments="&quot;C:\home\site\deployments\tools\deploy.cmd&quot;" >
            <step title="Handling Basic Web Site deployment." date="2026-01-21T03:57:52.559" /><!-- duration: 0ms -->
            <step title="Creating app_offline.htm" date="2026-01-21T03:57:56.957" /><!-- duration: 0ms -->
            <step title="KuduSync.NET from: &apos;C:\local\Temp\zipdeploy\extracted&apos; to: &apos;C:\home\site\wwwroot&apos;" date="2026-01-21T03:57:56.976" /><!-- duration: 12ms -->
            <step title="Copying file: &apos;efbundle.exe&apos;" date="2026-01-21T03:57:57.006" /><!-- duration: 30ms -->
            <step title="Copying file: &apos;FileService.Api.deps.json&apos;" date="2026-01-21T03:57:57.066" /><!-- duration: 0ms -->
            <step title="Copying file: &apos;FileService.Api.dll&apos;" date="2026-01-21T03:57:57.066" /><!-- duration: 0ms -->
            <step title="Copying file: &apos;FileService.Api.exe&apos;" date="2026-01-21T03:57:57.082" /><!-- duration: 0ms -->
            <step title="Copying file: &apos;FileService.Api.pdb&apos;" date="2026-01-21T03:57:57.082" /><!-- duration: 0ms -->
            <step title="Copying file: &apos;FileService.Api.runtimeconfig.json&apos;" date="2026-01-21T03:57:57.113" /><!-- duration: 0ms -->
            <step title="Deleting app_offline.htm" date="2026-01-21T03:57:57.129" /><!-- duration: 0ms -->
            <step title="Finished successfully." date="2026-01-21T03:57:57.129" /><!-- duration: 16ms -->
          </step><!-- duration: 5066ms -->
          <step title="Build completed succesfully." date="2026-01-21T03:57:57.177" /><!-- duration: 0ms -->
          <step title="Running post deployment command(s)..." date="2026-01-21T03:57:57.287" /><!-- duration: 0ms -->
          <step title="Requesting site restart" date="2026-01-21T03:57:57.348" /><!-- duration: 19ms -->
          <step title="Requesting site restart" date="2026-01-21T03:57:57.367" /><!-- duration: 0ms -->
          <step title="Requesting site restart. Attempt #1" date="2026-01-21T03:57:57.379" /><!-- duration: 0ms -->
          <step title="Requesting site restart. Attempt #1" date="2026-01-21T03:57:57.397" /><!-- duration: 0ms -->
          <step title="Successfully requested a restart. Attempt #1" date="2026-01-21T03:57:57.598" /><!-- duration: 0ms -->
          <step title="Successfully requested a restart. Attempt #1" date="2026-01-21T03:57:57.613" /><!-- duration: 0ms -->
          <step title="Deployment successful. DEPLOYMENTINFO: deploymentPath = OneDeploy, deployer = OneDeploy, os = windows, sku = Basic, siteName = filesvc-stg-app, siteHostName = filesvc-stg-app.chinacloudsites.cn, deploymentStatus = Success" date="2026-01-21T03:57:57.697" /><!-- duration: 0ms -->
        </step><!-- duration: 6264ms -->
      </step><!-- duration: 6605ms -->
      <step title="Cleaning up temp files" date="2026-01-21T03:57:57.848" /><!-- duration: 0ms -->
      <step title="Skip function trigger and logicapp sync because function is not enabled." date="2026-01-21T03:57:57.848" /><!-- duration: 0ms -->
    </step><!-- duration: 11888ms -->
    <step title="LockFile &apos;C:\home\site\locks\deployments.lock&apos; released" date="2026-01-21T03:57:57.897" /><!-- duration: 13ms -->
    <step title="Deleting shutdown sentinel file" date="2026-01-21T03:57:57.910" SemaphoreCount="8" /><!-- duration: 0ms -->
  </step><!-- duration: 27781ms -->
  <step title="Outgoing response" date="2026-01-21T03:57:57.910" type="response" statusCode="200" statusText="OK" Server="Microsoft-IIS/10.0" x-ms-request-id="4ba930b8-f67d-11f0-baff-c4cb7696db44" Cache-Control="private" X-AspNet-Version="4.0.30319" /><!-- duration: 0ms -->
</step><!-- duration: 27811ms -->
