<step title="Incoming Request" date="2026-01-21T07:24:48.743" instance="89efd1" url="/api/publish?type=zip" method="POST" type="request" pid="1428,2,7" Cache-Control="no-cache" Content-Length="37848799" Content-Type="application/octet-stream" Accept="*/*" Accept-Encoding="gzip, deflate" Authorization="Bea..." Host="filesvc-stg-app.scm.chinacloudsites.cn" User-Agent="AZURECLI/2.77.0 (MSI)" x-ms-client-request-id="3b62771b-f69a-11f0-aa63-c4cb7696db44" X-ARR-LOG-ID="3b62771b-f69a-11f0-aa63-c4cb7696db44" CLIENT-IP="1.202.38.150:11997" X-SITE-DEPLOYMENT-ID="filesvc-stg-app" WAS-DEFAULT-HOSTNAME="filesvc-stg-app.scm.chinacloudsites.cn" X-Forwarded-Proto="https" X-AppService-Proto="https" X-Forwarded-TlsVersion="1.3" X-WAWS-Unencoded-URL="/api/publish?type=zip" X-MS-COLDSTART="1" >
  <step title="OneDeploy" date="2026-01-21T07:24:50.901" >
    <step title="Starting PushDeployAsync" date="2026-01-21T07:24:50.993" /><!-- duration: 18ms -->
    <step title="Updating shutdown sentinel last write time" date="2026-01-21T07:24:51.198" SemaphoreCount="7" /><!-- duration: 14ms -->
    <step title="LockFile &apos;C:\home\site\locks\deployments.lock&apos; acquired" date="2026-01-21T07:24:51.212" /><!-- duration: 0ms -->
    <step title="Saving request content to C:\local\Temp\zipdeploy\st1zkeui.zip" date="2026-01-21T07:24:51.248" >
      <step title="Total 37,848,799 bytes written to C:\local\Temp\zipdeploy\st1zkeui.zip" date="2026-01-21T07:24:58.431" /><!-- duration: 21ms -->
    </step><!-- duration: 7204ms -->
    <step title="LockFile &apos;C:\home\site\locks\deployments.lock&apos; released" date="2026-01-21T07:24:58.462" /><!-- duration: 0ms -->
    <step title="Deleting shutdown sentinel file" date="2026-01-21T07:24:58.462" SemaphoreCount="8" /><!-- duration: 0ms -->
    <step title="Starting FetchDeploy" date="2026-01-21T07:24:58.478" /><!-- duration: 16ms -->
    <step title="Attempting to fetch target branch HEAD" date="2026-01-21T07:24:58.493" /><!-- duration: 0ms -->
    <step title="Updating shutdown sentinel last write time" date="2026-01-21T07:24:58.524" SemaphoreCount="7" /><!-- duration: 0ms -->
    <step title="LockFile &apos;C:\home\site\locks\deployments.lock&apos; acquired" date="2026-01-21T07:24:58.524" /><!-- duration: 0ms -->
    <step title="Performing fetch based deployment" date="2026-01-21T07:24:58.542" >
      <step title="Creating temporary deployment" date="2026-01-21T07:24:58.562" /><!-- duration: 120ms -->
      <step title="Fetching changes." date="2026-01-21T07:24:58.842" /><!-- duration: 0ms -->
      <step title="Starting LocalZipHandler" date="2026-01-21T07:24:58.853" /><!-- duration: 19ms -->
      <step title="Starting LocalZipFetch" date="2026-01-21T07:24:58.884" /><!-- duration: 0ms -->
      <step title="Cleaning up temp folders from previous zip deployments and extracting pushed zip file C:\local\Temp\zipdeploy\st1zkeui.zip (36.10 MB) to C:\local\Temp\zipdeploy\extracted" date="2026-01-21T07:24:58.902" /><!-- duration: 0ms -->
      <step title="Cleaning up temp folders from previous zip deployments and extracting pushed zip file C:\local\Temp\zipdeploy\st1zkeui.zip (36.10 MB) to C:\local\Temp\zipdeploy\extracted" date="2026-01-21T07:24:58.902" >
        <step title="Extracting 123 entries to C:\local\Temp\zipdeploy\extracted directory" date="2026-01-21T07:24:58.962" >
          <step title="Extracting to C:\local\Temp\zipdeploy\extracted\runtimes\browser-wasm\nativeassets\net9.0\e_sqlite3.a ..." date="2026-01-21T07:24:58.993" /><!-- duration: 99ms -->
          <step title="Extracting to C:\local\Temp\zipdeploy\extracted\runtimes\linux-arm\native\libe_sqlite3.so ..." date="2026-01-21T07:24:59.092" /><!-- duration: 60ms -->
          <step title="Extracting to C:\local\Temp\zipdeploy\extracted\runtimes\linux-arm64\native\libe_sqlite3.so ..." date="2026-01-21T07:24:59.152" /><!-- duration: 80ms -->
          <step title="Extracting to C:\local\Temp\zipdeploy\extracted\runtimes\linux-armel\native\libe_sqlite3.so ..." date="2026-01-21T07:24:59.243" /><!-- duration: 69ms -->
          <step title="Extracting to C:\local\Temp\zipdeploy\extracted\runtimes\linux-mips64\native\libe_sqlite3.so ..." date="2026-01-21T07:24:59.322" /><!-- duration: 160ms -->
          <step title="Omitting extracting file traces ..." date="2026-01-21T07:24:59.493" /><!-- duration: 79ms -->
        </step><!-- duration: 4944ms -->
      </step><!-- duration: 5014ms -->
      <step title="None repository commit" date="2026-01-21T07:25:03.916" >
        <step title="Commit id: 95bbde0484b84c9584319e2182e819bd" date="2026-01-21T07:25:03.936" Message="OneDeploy" AuthorName="N/A" AuthorEmail="N/A" /><!-- duration: 10ms -->
      </step><!-- duration: 30ms -->
      <step title="Before sending BuildRequestReceived status to /api/updatedeploystatus" date="2026-01-21T07:25:03.946" /><!-- duration: 0ms -->
      <step title="DeploymentManager.Deploy(id:95bbde0484b84c9584319e2182e819bd)" date="2026-01-21T07:25:03.962" >
        <step title="Collecting changeset information" date="2026-01-21T07:25:03.978" /><!-- duration: 31ms -->
        <step title="Updating submodules" date="2026-01-21T07:25:04.026" >
          <step title="Updating submodules." date="2026-01-21T07:25:04.056" /><!-- duration: 0ms -->
        </step><!-- duration: 61ms -->
        <step title="Preparing deployment for commit id &apos;95bbde0484&apos;." date="2026-01-21T07:25:04.166" /><!-- duration: 14ms -->
        <step title="Determining deployment builder" date="2026-01-21T07:25:04.216" >
          <step title="Builder is OneDeployBuilder" date="2026-01-21T07:25:04.228" /><!-- duration: 19ms -->
        </step><!-- duration: 30ms -->
        <step title="Copying SSH keys" date="2026-01-21T07:25:04.296" /><!-- duration: 10ms -->
        <step title="Building" date="2026-01-21T07:25:04.326" >
          <step title="Running build. Project type: OneDeploy" date="2026-01-21T07:25:04.353" /><!-- duration: 0ms -->
          <step title="Copying the manifest" date="2026-01-21T07:25:04.416" /><!-- duration: 0ms -->
          <step title="Clean deploying to C:\home\site\wwwroot" date="2026-01-21T07:25:04.478" /><!-- duration: 0ms -->
          <step title="Generating deployment script." date="2026-01-21T07:25:04.526" /><!-- duration: 0ms -->
          <step title="Generating deployment script" date="2026-01-21T07:25:04.540" >
            <step title="Using cached version of the deployment script for command: -y --no-dot-deployment -r &quot;C:\local\Temp\zipdeploy\extracted&quot; -o &quot;C:\home\site\deployments\tools&quot; --basic --sitePath &quot;C:\local\Temp\zipdeploy\extracted&quot;" date="2026-01-21T07:25:04.728" /><!-- duration: 0ms -->
            <step title="Using cached version of deployment script (command: &apos;azure -y --no-dot-deployment -r &quot;C:\local\Temp\zipdeploy\extracted&quot; -o &quot;C:\home\site\deployments\tools&quot; --basic --sitePath &quot;C:\local\Temp\zipdeploy\extracted&quot;&apos;)." date="2026-01-21T07:25:04.743" /><!-- duration: 0ms -->
          </step><!-- duration: 219ms -->
          <step title="Running deployment command..." date="2026-01-21T07:25:04.790" /><!-- duration: 0ms -->
          <step title="Command: &quot;C:\home\site\deployments\tools\deploy.cmd&quot;" date="2026-01-21T07:25:04.790" /><!-- duration: 0ms -->
          <step title="Executing external process" date="2026-01-21T07:25:04.839" type="process" path="starter.cmd" arguments="&quot;C:\home\site\deployments\tools\deploy.cmd&quot;" >
            <step title="Handling Basic Web Site deployment." date="2026-01-21T07:25:07.056" /><!-- duration: 31ms -->
            <step title="Creating app_offline.htm" date="2026-01-21T07:25:10.405" /><!-- duration: 0ms -->
            <step title="KuduSync.NET from: &apos;C:\local\Temp\zipdeploy\extracted&apos; to: &apos;C:\home\site\wwwroot&apos;" date="2026-01-21T07:25:10.416" /><!-- duration: 0ms -->
            <step title="Copying file: &apos;efbundle.exe&apos;" date="2026-01-21T07:25:10.435" /><!-- duration: 0ms -->
            <step title="Copying file: &apos;FileService.Api.deps.json&apos;" date="2026-01-21T07:25:10.465" /><!-- duration: 0ms -->
            <step title="Copying file: &apos;FileService.Api.dll&apos;" date="2026-01-21T07:25:10.495" /><!-- duration: 0ms -->
            <step title="Copying file: &apos;FileService.Api.exe&apos;" date="2026-01-21T07:25:10.525" /><!-- duration: 0ms -->
            <step title="Copying file: &apos;FileService.Api.pdb&apos;" date="2026-01-21T07:25:10.541" /><!-- duration: 0ms -->
            <step title="Copying file: &apos;FileService.Api.runtimeconfig.json&apos;" date="2026-01-21T07:25:10.556" /><!-- duration: 0ms -->
            <step title="Deleting app_offline.htm" date="2026-01-21T07:25:10.556" /><!-- duration: 0ms -->
            <step title="Finished successfully." date="2026-01-21T07:25:10.572" /><!-- duration: 0ms -->
          </step><!-- duration: 5733ms -->
          <step title="Build completed succesfully." date="2026-01-21T07:25:10.619" /><!-- duration: 0ms -->
          <step title="Running post deployment command(s)..." date="2026-01-21T07:25:10.697" /><!-- duration: 18ms -->
          <step title="Requesting site restart" date="2026-01-21T07:25:10.841" /><!-- duration: 0ms -->
          <step title="Requesting site restart" date="2026-01-21T07:25:10.853" /><!-- duration: 0ms -->
          <step title="Requesting site restart. Attempt #1" date="2026-01-21T07:25:10.951" /><!-- duration: 0ms -->
          <step title="Requesting site restart. Attempt #1" date="2026-01-21T07:25:10.963" /><!-- duration: 0ms -->
          <step title="Successfully requested a restart. Attempt #1" date="2026-01-21T07:25:12.416" /><!-- duration: 0ms -->
          <step title="Successfully requested a restart. Attempt #1" date="2026-01-21T07:25:12.416" /><!-- duration: 0ms -->
          <step title="Deployment successful. DEPLOYMENTINFO: deploymentPath = OneDeploy, deployer = OneDeploy, os = windows, sku = Basic, siteName = filesvc-stg-app, siteHostName = filesvc-stg-app.chinacloudsites.cn, deploymentStatus = Success" date="2026-01-21T07:25:12.496" /><!-- duration: 0ms -->
        </step><!-- duration: 8480ms -->
      </step><!-- duration: 8876ms -->
      <step title="Cleaning up temp files" date="2026-01-21T07:25:12.838" /><!-- duration: 19ms -->
      <step title="Skip function trigger and logicapp sync because function is not enabled." date="2026-01-21T07:25:12.906" /><!-- duration: 10ms -->
    </step><!-- duration: 14515ms -->
    <step title="LockFile &apos;C:\home\site\locks\deployments.lock&apos; released" date="2026-01-21T07:25:13.056" /><!-- duration: 20ms -->
    <step title="Deleting shutdown sentinel file" date="2026-01-21T07:25:13.106" SemaphoreCount="8" /><!-- duration: 50ms -->
  </step><!-- duration: 22265ms -->
  <step title="Outgoing response" date="2026-01-21T07:25:13.326" type="response" statusCode="200" statusText="OK" Server="Microsoft-IIS/10.0" x-ms-request-id="3b62771b-f69a-11f0-aa63-c4cb7696db44" Cache-Control="private" X-AspNet-Version="4.0.30319" /><!-- duration: 11ms -->
</step><!-- duration: 24595ms -->
