<step title="Incoming Request" date="2026-01-21T12:19:50.533" instance="89efd1" url="/api/publish?type=zip" method="POST" type="request" pid="3584,2,10" Cache-Control="no-cache" Content-Length="7796420" Content-Type="application/octet-stream" Accept="*/*" Accept-Encoding="gzip, deflate" Authorization="Bea..." Host="filesvc-stg-app.scm.chinacloudsites.cn" User-Agent="AZURECLI/2.80.0 (MSI)" x-ms-client-request-id="7124f96a-f6c3-11f0-883a-68ecc5669012" X-ARR-LOG-ID="7124f96a-f6c3-11f0-883a-68ecc5669012" CLIENT-IP="45.251.107.28:9206" X-SITE-DEPLOYMENT-ID="filesvc-stg-app" WAS-DEFAULT-HOSTNAME="filesvc-stg-app.scm.chinacloudsites.cn" X-Forwarded-Proto="https" X-AppService-Proto="https" X-Forwarded-TlsVersion="1.3" X-WAWS-Unencoded-URL="/api/publish?type=zip" >
  <step title="Cleanup Xml Logs" date="2026-01-21T12:19:50.533" /><!-- duration: 16ms -->
  <step title="OneDeploy" date="2026-01-21T12:19:51.994" >
    <step title="Starting PushDeployAsync" date="2026-01-21T12:19:51.994" /><!-- duration: 0ms -->
    <step title="Updating shutdown sentinel last write time" date="2026-01-21T12:19:52.011" SemaphoreCount="7" /><!-- duration: 0ms -->
    <step title="LockFile &apos;C:\home\site\locks\deployments.lock&apos; acquired" date="2026-01-21T12:19:52.061" /><!-- duration: 11ms -->
    <step title="Saving request content to C:\local\Temp\zipdeploy\zunlo3it.zip" date="2026-01-21T12:19:52.072" >
      <step title="Writing 1,044,480 bytes to C:\local\Temp\zipdeploy\zunlo3it.zip" date="2026-01-21T12:20:22.617" /><!-- duration: 0ms -->
      <step title="Writing 2,060,288 bytes to C:\local\Temp\zipdeploy\zunlo3it.zip" date="2026-01-21T12:20:52.665" /><!-- duration: 0ms -->
      <step title="Writing 3,010,560 bytes to C:\local\Temp\zipdeploy\zunlo3it.zip" date="2026-01-21T12:21:23.096" /><!-- duration: 0ms -->
      <step title="Writing 3,813,376 bytes to C:\local\Temp\zipdeploy\zunlo3it.zip" date="2026-01-21T12:21:53.799" /><!-- duration: 0ms -->
      <step title="Writing 4,861,952 bytes to C:\local\Temp\zipdeploy\zunlo3it.zip" date="2026-01-21T12:22:23.880" /><!-- duration: 0ms -->
      <step title="Writing 6,139,904 bytes to C:\local\Temp\zipdeploy\zunlo3it.zip" date="2026-01-21T12:22:54.370" /><!-- duration: 0ms -->
      <step title="Writing 7,303,168 bytes to C:\local\Temp\zipdeploy\zunlo3it.zip" date="2026-01-21T12:23:24.726" /><!-- duration: 0ms -->
      <step title="Total 7,796,420 bytes written to C:\local\Temp\zipdeploy\zunlo3it.zip" date="2026-01-21T12:23:35.788" /><!-- duration: 0ms -->
    </step><!-- duration: 223732ms -->
    <step title="LockFile &apos;C:\home\site\locks\deployments.lock&apos; released" date="2026-01-21T12:23:35.804" /><!-- duration: 0ms -->
    <step title="Deleting shutdown sentinel file" date="2026-01-21T12:23:35.804" SemaphoreCount="8" /><!-- duration: 0ms -->
    <step title="Starting FetchDeploy" date="2026-01-21T12:23:35.820" /><!-- duration: 0ms -->
    <step title="Attempting to fetch target branch HEAD" date="2026-01-21T12:23:35.820" /><!-- duration: 0ms -->
    <step title="Updating shutdown sentinel last write time" date="2026-01-21T12:23:35.820" SemaphoreCount="7" /><!-- duration: 20ms -->
    <step title="LockFile &apos;C:\home\site\locks\deployments.lock&apos; acquired" date="2026-01-21T12:23:35.851" /><!-- duration: 0ms -->
    <step title="Performing fetch based deployment" date="2026-01-21T12:23:35.851" >
      <step title="Creating temporary deployment" date="2026-01-21T12:23:35.851" /><!-- duration: 31ms -->
      <step title="Fetching changes." date="2026-01-21T12:23:35.913" /><!-- duration: 0ms -->
      <step title="Starting LocalZipHandler" date="2026-01-21T12:23:35.929" /><!-- duration: 0ms -->
      <step title="Starting LocalZipFetch" date="2026-01-21T12:23:35.929" /><!-- duration: 0ms -->
      <step title="Cleaning up temp folders from previous zip deployments and extracting pushed zip file C:\local\Temp\zipdeploy\zunlo3it.zip (7.44 MB) to C:\local\Temp\zipdeploy\extracted" date="2026-01-21T12:23:35.950" /><!-- duration: 0ms -->
      <step title="Cleaning up temp folders from previous zip deployments and extracting pushed zip file C:\local\Temp\zipdeploy\zunlo3it.zip (7.44 MB) to C:\local\Temp\zipdeploy\extracted" date="2026-01-21T12:23:35.960" >
        <step title="Renaming extractTargetDirectory(C:\local\Temp\zipdeploy\extracted) to tempDirectory(C:\local\Temp\zipdeploy\br2dnswd.hwz)" date="2026-01-21T12:23:35.960" /><!-- duration: 0ms -->
        <step title="Extracting 78 entries to C:\local\Temp\zipdeploy\extracted directory" date="2026-01-21T12:23:35.980" >
          <step title="Extracting to C:\local\Temp\zipdeploy\extracted\runtimes\unix\lib\net6.0\Microsoft.Data.SqlClient.dll ..." date="2026-01-21T12:23:36.070" /><!-- duration: 68ms -->
          <step title="Extracting to C:\local\Temp\zipdeploy\extracted\runtimes\unix\lib\net6.0\System.Drawing.Common.dll ..." date="2026-01-21T12:23:36.148" /><!-- duration: 18ms -->
          <step title="Extracting to C:\local\Temp\zipdeploy\extracted\runtimes\win\lib\net6.0\Microsoft.Data.SqlClient.dll ..." date="2026-01-21T12:23:36.166" /><!-- duration: 97ms -->
          <step title="Extracting to C:\local\Temp\zipdeploy\extracted\runtimes\win\lib\net6.0\Microsoft.Win32.SystemEvents.dll ..." date="2026-01-21T12:23:36.273" /><!-- duration: 0ms -->
          <step title="Extracting to C:\local\Temp\zipdeploy\extracted\runtimes\win\lib\net6.0\System.Drawing.Common.dll ..." date="2026-01-21T12:23:36.273" /><!-- duration: 31ms -->
          <step title="Omitting extracting file traces ..." date="2026-01-21T12:23:36.304" /><!-- duration: 0ms -->
        </step><!-- duration: 1263ms -->
      </step><!-- duration: 1313ms -->
      <step title="None repository commit" date="2026-01-21T12:23:37.293" >
        <step title="Commit id: ba82f705674b4655993a62d23ac2e325" date="2026-01-21T12:23:37.304" Message="OneDeploy" AuthorName="N/A" AuthorEmail="N/A" /><!-- duration: 0ms -->
      </step><!-- duration: 11ms -->
      <step title="Before sending BuildRequestReceived status to /api/updatedeploystatus" date="2026-01-21T12:23:37.323" /><!-- duration: 0ms -->
      <step title="DeploymentManager.Deploy(id:ba82f705674b4655993a62d23ac2e325)" date="2026-01-21T12:23:37.323" >
        <step title="Collecting changeset information" date="2026-01-21T12:23:37.335" /><!-- duration: 63ms -->
        <step title="Updating submodules" date="2026-01-21T12:23:37.398" >
          <step title="Updating submodules." date="2026-01-21T12:23:37.446" /><!-- duration: 0ms -->
        </step><!-- duration: 49ms -->
        <step title="Preparing deployment for commit id &apos;ba82f70567&apos;." date="2026-01-21T12:23:37.507" /><!-- duration: 0ms -->
        <step title="Determining deployment builder" date="2026-01-21T12:23:37.570" >
          <step title="Builder is OneDeployBuilder" date="2026-01-21T12:23:37.570" /><!-- duration: 0ms -->
        </step><!-- duration: 17ms -->
        <step title="Copying SSH keys" date="2026-01-21T12:23:37.616" /><!-- duration: 0ms -->
        <step title="Building" date="2026-01-21T12:23:37.616" >
          <step title="Running build. Project type: OneDeploy" date="2026-01-21T12:23:37.679" /><!-- duration: 0ms -->
          <step title="Copying the manifest" date="2026-01-21T12:23:37.710" /><!-- duration: 0ms -->
          <step title="Clean deploying to C:\home\site\wwwroot" date="2026-01-21T12:23:37.746" /><!-- duration: 11ms -->
          <step title="Generating deployment script." date="2026-01-21T12:23:37.826" /><!-- duration: 10ms -->
          <step title="Generating deployment script" date="2026-01-21T12:23:37.836" >
            <step title="Using cached version of the deployment script for command: -y --no-dot-deployment -r &quot;C:\local\Temp\zipdeploy\extracted&quot; -o &quot;C:\home\site\deployments\tools&quot; --basic --sitePath &quot;C:\local\Temp\zipdeploy\extracted&quot;" date="2026-01-21T12:23:37.866" /><!-- duration: 0ms -->
            <step title="Using cached version of deployment script (command: &apos;azure -y --no-dot-deployment -r &quot;C:\local\Temp\zipdeploy\extracted&quot; -o &quot;C:\home\site\deployments\tools&quot; --basic --sitePath &quot;C:\local\Temp\zipdeploy\extracted&quot;&apos;)." date="2026-01-21T12:23:37.886" /><!-- duration: 11ms -->
          </step><!-- duration: 80ms -->
          <step title="Running deployment command..." date="2026-01-21T12:23:37.960" /><!-- duration: 0ms -->
          <step title="Command: &quot;C:\home\site\deployments\tools\deploy.cmd&quot;" date="2026-01-21T12:23:37.960" /><!-- duration: 0ms -->
          <step title="Executing external process" date="2026-01-21T12:23:37.976" type="process" path="starter.cmd" arguments="&quot;C:\home\site\deployments\tools\deploy.cmd&quot;" >
            <step title="Handling Basic Web Site deployment." date="2026-01-21T12:23:38.477" /><!-- duration: 0ms -->
            <step title="Creating app_offline.htm" date="2026-01-21T12:23:42.474" /><!-- duration: 20ms -->
            <step title="KuduSync.NET from: &apos;C:\local\Temp\zipdeploy\extracted&apos; to: &apos;C:\home\site\wwwroot&apos;" date="2026-01-21T12:23:42.506" /><!-- duration: 0ms -->
            <step title="Copying file: &apos;FileService.Api.dll&apos;" date="2026-01-21T12:23:42.524" /><!-- duration: 0ms -->
            <step title="Copying file: &apos;FileService.Api.exe&apos;" date="2026-01-21T12:23:42.537" /><!-- duration: 0ms -->
            <step title="Copying file: &apos;FileService.Api.pdb&apos;" date="2026-01-21T12:23:42.554" /><!-- duration: 0ms -->
            <step title="Copying file: &apos;FileService.Infrastructure.dll&apos;" date="2026-01-21T12:23:42.584" /><!-- duration: 0ms -->
            <step title="Copying file: &apos;FileService.Infrastructure.pdb&apos;" date="2026-01-21T12:23:42.604" /><!-- duration: 11ms -->
            <step title="Deleting app_offline.htm" date="2026-01-21T12:23:42.615" /><!-- duration: 19ms -->
            <step title="Finished successfully." date="2026-01-21T12:23:42.646" /><!-- duration: 0ms -->
          </step><!-- duration: 4688ms -->
          <step title="Build completed succesfully." date="2026-01-21T12:23:42.678" /><!-- duration: 0ms -->
          <step title="Running post deployment command(s)..." date="2026-01-21T12:23:42.805" /><!-- duration: 0ms -->
          <step title="Requesting site restart" date="2026-01-21T12:23:42.896" /><!-- duration: 0ms -->
          <step title="Requesting site restart" date="2026-01-21T12:23:42.896" /><!-- duration: 0ms -->
          <step title="Requesting site restart. Attempt #1" date="2026-01-21T12:23:42.928" /><!-- duration: 0ms -->
          <step title="Requesting site restart. Attempt #1" date="2026-01-21T12:23:42.943" /><!-- duration: 0ms -->
          <step title="Successfully requested a restart. Attempt #1" date="2026-01-21T12:23:43.194" /><!-- duration: 0ms -->
          <step title="Successfully requested a restart. Attempt #1" date="2026-01-21T12:23:43.194" /><!-- duration: 0ms -->
          <step title="Deployment successful. DEPLOYMENTINFO: deploymentPath = OneDeploy, deployer = OneDeploy, os = windows, sku = Basic, siteName = filesvc-stg-app, siteHostName = filesvc-stg-app.chinacloudsites.cn, deploymentStatus = Success" date="2026-01-21T12:23:43.256" /><!-- duration: 18ms -->
          <step title="Purge deployment items" date="2026-01-21T12:23:43.381" >
            <step title="Remove 47fbd6b3e, Success, received at 1/21/2026 7:29:55 AM" date="2026-01-21T12:23:43.443" /><!-- duration: 0ms -->
          </step><!-- duration: 99ms -->
        </step><!-- duration: 5894ms -->
      </step><!-- duration: 6187ms -->
      <step title="Cleaning up temp files" date="2026-01-21T12:23:43.521" /><!-- duration: 0ms -->
      <step title="Skip function trigger and logicapp sync because function is not enabled." date="2026-01-21T12:23:43.540" /><!-- duration: 0ms -->
    </step><!-- duration: 7733ms -->
    <step title="LockFile &apos;C:\home\site\locks\deployments.lock&apos; released" date="2026-01-21T12:23:43.600" /><!-- duration: 0ms -->
    <step title="Deleting shutdown sentinel file" date="2026-01-21T12:23:43.620" SemaphoreCount="8" /><!-- duration: 11ms -->
  </step><!-- duration: 231637ms -->
  <step title="Outgoing response" date="2026-01-21T12:23:43.662" type="response" statusCode="200" statusText="OK" Server="Microsoft-IIS/10.0" x-ms-request-id="7124f96a-f6c3-11f0-883a-68ecc5669012" Cache-Control="private" X-AspNet-Version="4.0.30319" /><!-- duration: 0ms -->
</step><!-- duration: 233129ms -->
