<step title="Incoming Request" date="2026-01-21T08:47:33.028" instance="89efd1" url="/api/publish?type=zip" method="POST" type="request" pid="7196,2,7" Cache-Control="no-cache" Content-Length="7792994" Content-Type="application/octet-stream" Accept="*/*" Accept-Encoding="gzip, deflate" Authorization="Bea..." Host="filesvc-stg-app.scm.chinacloudsites.cn" User-Agent="AZURECLI/2.77.0 (MSI)" x-ms-client-request-id="cc53dc2b-f6a5-11f0-b3bf-c4cb7696db44" X-ARR-LOG-ID="cc53dc2b-f6a5-11f0-b3bf-c4cb7696db44" CLIENT-IP="1.202.38.150:54224" X-SITE-DEPLOYMENT-ID="filesvc-stg-app" WAS-DEFAULT-HOSTNAME="filesvc-stg-app.scm.chinacloudsites.cn" X-Forwarded-Proto="https" X-AppService-Proto="https" X-Forwarded-TlsVersion="1.3" X-WAWS-Unencoded-URL="/api/publish?type=zip" X-MS-COLDSTART="1" >
  <step title="OneDeploy" date="2026-01-21T08:47:35.247" >
    <step title="Starting PushDeployAsync" date="2026-01-21T08:47:35.329" /><!-- duration: 0ms -->
    <step title="Updating shutdown sentinel last write time" date="2026-01-21T08:47:35.517" SemaphoreCount="7" /><!-- duration: 11ms -->
    <step title="LockFile &apos;C:\home\site\locks\deployments.lock&apos; acquired" date="2026-01-21T08:47:35.528" /><!-- duration: 0ms -->
    <step title="Saving request content to C:\local\Temp\zipdeploy\wj2jfrft.zip" date="2026-01-21T08:47:35.547" >
      <step title="Total 7,792,994 bytes written to C:\local\Temp\zipdeploy\wj2jfrft.zip" date="2026-01-21T08:47:35.815" /><!-- duration: 10ms -->
    </step><!-- duration: 293ms -->
    <step title="LockFile &apos;C:\home\site\locks\deployments.lock&apos; released" date="2026-01-21T08:47:35.840" /><!-- duration: 0ms -->
    <step title="Deleting shutdown sentinel file" date="2026-01-21T08:47:35.856" SemaphoreCount="8" /><!-- duration: 0ms -->
    <step title="Starting FetchDeploy" date="2026-01-21T08:47:35.873" /><!-- duration: 0ms -->
    <step title="Attempting to fetch target branch HEAD" date="2026-01-21T08:47:35.873" /><!-- duration: 15ms -->
    <step title="Updating shutdown sentinel last write time" date="2026-01-21T08:47:35.903" SemaphoreCount="7" /><!-- duration: 0ms -->
    <step title="LockFile &apos;C:\home\site\locks\deployments.lock&apos; acquired" date="2026-01-21T08:47:35.921" /><!-- duration: 0ms -->
    <step title="Performing fetch based deployment" date="2026-01-21T08:47:35.951" >
      <step title="Creating temporary deployment" date="2026-01-21T08:47:35.971" /><!-- duration: 170ms -->
      <step title="Fetching changes." date="2026-01-21T08:47:36.281" /><!-- duration: 12ms -->
      <step title="Starting LocalZipHandler" date="2026-01-21T08:47:36.311" /><!-- duration: 0ms -->
      <step title="Starting LocalZipFetch" date="2026-01-21T08:47:36.331" /><!-- duration: 10ms -->
      <step title="Cleaning up temp folders from previous zip deployments and extracting pushed zip file C:\local\Temp\zipdeploy\wj2jfrft.zip (7.43 MB) to C:\local\Temp\zipdeploy\extracted" date="2026-01-21T08:47:36.341" /><!-- duration: 0ms -->
      <step title="Cleaning up temp folders from previous zip deployments and extracting pushed zip file C:\local\Temp\zipdeploy\wj2jfrft.zip (7.43 MB) to C:\local\Temp\zipdeploy\extracted" date="2026-01-21T08:47:36.361" >
        <step title="Extracting 81 entries to C:\local\Temp\zipdeploy\extracted directory" date="2026-01-21T08:47:36.421" >
          <step title="Extracting to C:\local\Temp\zipdeploy\extracted\runtimes\unix\lib\net6.0\Microsoft.Data.SqlClient.dll ..." date="2026-01-21T08:47:36.434" /><!-- duration: 97ms -->
          <step title="Extracting to C:\local\Temp\zipdeploy\extracted\runtimes\unix\lib\net6.0\System.Drawing.Common.dll ..." date="2026-01-21T08:47:36.561" /><!-- duration: 30ms -->
          <step title="Extracting to C:\local\Temp\zipdeploy\extracted\runtimes\win\lib\net6.0\Microsoft.Data.SqlClient.dll ..." date="2026-01-21T08:47:36.591" /><!-- duration: 79ms -->
          <step title="Extracting to C:\local\Temp\zipdeploy\extracted\runtimes\win\lib\net6.0\Microsoft.Win32.SystemEvents.dll ..." date="2026-01-21T08:47:36.670" /><!-- duration: 0ms -->
          <step title="Extracting to C:\local\Temp\zipdeploy\extracted\runtimes\win\lib\net6.0\System.Drawing.Common.dll ..." date="2026-01-21T08:47:36.684" /><!-- duration: 16ms -->
          <step title="Omitting extracting file traces ..." date="2026-01-21T08:47:36.717" /><!-- duration: 0ms -->
        </step><!-- duration: 1300ms -->
      </step><!-- duration: 1370ms -->
      <step title="None repository commit" date="2026-01-21T08:47:37.731" >
        <step title="Commit id: d0c5a37aa13943a994dbaaaf36c24d83" date="2026-01-21T08:47:37.751" Message="OneDeploy" AuthorName="N/A" AuthorEmail="N/A" /><!-- duration: 0ms -->
      </step><!-- duration: 31ms -->
      <step title="Before sending BuildRequestReceived status to /api/updatedeploystatus" date="2026-01-21T08:47:37.762" /><!-- duration: 0ms -->
      <step title="DeploymentManager.Deploy(id:d0c5a37aa13943a994dbaaaf36c24d83)" date="2026-01-21T08:47:37.781" >
        <step title="Collecting changeset information" date="2026-01-21T08:47:37.781" /><!-- duration: 30ms -->
        <step title="Updating submodules" date="2026-01-21T08:47:37.811" >
          <step title="Updating submodules." date="2026-01-21T08:47:37.872" /><!-- duration: 18ms -->
        </step><!-- duration: 79ms -->
        <step title="Preparing deployment for commit id &apos;d0c5a37aa1&apos;." date="2026-01-21T08:47:37.981" /><!-- duration: 18ms -->
        <step title="Determining deployment builder" date="2026-01-21T08:47:38.059" >
          <step title="Builder is OneDeployBuilder" date="2026-01-21T08:47:38.059" /><!-- duration: 20ms -->
        </step><!-- duration: 20ms -->
        <step title="Copying SSH keys" date="2026-01-21T08:47:38.139" /><!-- duration: 20ms -->
        <step title="Building" date="2026-01-21T08:47:38.169" >
          <step title="Running build. Project type: OneDeploy" date="2026-01-21T08:47:38.215" /><!-- duration: 0ms -->
          <step title="Copying the manifest" date="2026-01-21T08:47:38.264" /><!-- duration: 0ms -->
          <step title="Clean deploying to C:\home\site\wwwroot" date="2026-01-21T08:47:38.375" /><!-- duration: 0ms -->
          <step title="Generating deployment script." date="2026-01-21T08:47:38.436" /><!-- duration: 0ms -->
          <step title="Generating deployment script" date="2026-01-21T08:47:38.436" >
            <step title="Using cached version of the deployment script for command: -y --no-dot-deployment -r &quot;C:\local\Temp\zipdeploy\extracted&quot; -o &quot;C:\home\site\deployments\tools&quot; --basic --sitePath &quot;C:\local\Temp\zipdeploy\extracted&quot;" date="2026-01-21T08:47:38.626" /><!-- duration: 0ms -->
            <step title="Using cached version of deployment script (command: &apos;azure -y --no-dot-deployment -r &quot;C:\local\Temp\zipdeploy\extracted&quot; -o &quot;C:\home\site\deployments\tools&quot; --basic --sitePath &quot;C:\local\Temp\zipdeploy\extracted&quot;&apos;)." date="2026-01-21T08:47:38.656" /><!-- duration: 0ms -->
          </step><!-- duration: 232ms -->
          <step title="Running deployment command..." date="2026-01-21T08:47:38.700" /><!-- duration: 0ms -->
          <step title="Command: &quot;C:\home\site\deployments\tools\deploy.cmd&quot;" date="2026-01-21T08:47:38.700" /><!-- duration: 0ms -->
          <step title="Executing external process" date="2026-01-21T08:47:38.731" type="process" path="starter.cmd" arguments="&quot;C:\home\site\deployments\tools\deploy.cmd&quot;" >
            <step title="Handling Basic Web Site deployment." date="2026-01-21T08:47:40.799" /><!-- duration: 10ms -->
            <step title="Creating app_offline.htm" date="2026-01-21T08:47:40.829" /><!-- duration: 0ms -->
            <step title="KuduSync.NET from: &apos;C:\local\Temp\zipdeploy\extracted&apos; to: &apos;C:\home\site\wwwroot&apos;" date="2026-01-21T08:47:40.840" /><!-- duration: 0ms -->
            <step title="Copying file: &apos;FileService.Api.staticwebassets.endpoints.json&apos;" date="2026-01-21T08:47:40.840" /><!-- duration: 19ms -->
            <step title="Copying file: &apos;wwwroot\staging-tools.html&apos;" date="2026-01-21T08:47:40.859" /><!-- duration: 0ms -->
            <step title="Copying file: &apos;wwwroot\staging-tools.html.br&apos;" date="2026-01-21T08:47:40.872" /><!-- duration: 0ms -->
            <step title="Copying file: &apos;wwwroot\staging-tools.html.gz&apos;" date="2026-01-21T08:47:40.889" /><!-- duration: 0ms -->
            <step title="Deleting app_offline.htm" date="2026-01-21T08:47:40.908" /><!-- duration: 10ms -->
            <step title="Finished successfully." date="2026-01-21T08:47:40.918" /><!-- duration: 20ms -->
          </step><!-- duration: 2219ms -->
          <step title="Build completed succesfully." date="2026-01-21T08:47:40.998" /><!-- duration: 19ms -->
          <step title="Running post deployment command(s)..." date="2026-01-21T08:47:41.090" /><!-- duration: 0ms -->
          <step title="Requesting site restart" date="2026-01-21T08:47:41.169" /><!-- duration: 0ms -->
          <step title="Requesting site restart" date="2026-01-21T08:47:41.169" /><!-- duration: 0ms -->
          <step title="Requesting site restart. Attempt #1" date="2026-01-21T08:47:41.238" /><!-- duration: 10ms -->
          <step title="Requesting site restart. Attempt #1" date="2026-01-21T08:47:41.268" /><!-- duration: 10ms -->
          <step title="Successfully requested a restart. Attempt #1" date="2026-01-21T08:47:43.763" /><!-- duration: 20ms -->
          <step title="Successfully requested a restart. Attempt #1" date="2026-01-21T08:47:43.794" /><!-- duration: 0ms -->
          <step title="Deployment successful. DEPLOYMENTINFO: deploymentPath = OneDeploy, deployer = OneDeploy, os = windows, sku = Basic, siteName = filesvc-stg-app, siteHostName = filesvc-stg-app.chinacloudsites.cn, deploymentStatus = Success" date="2026-01-21T08:47:43.843" /><!-- duration: 0ms -->
          <step title="Purge deployment items" date="2026-01-21T08:47:44.153" >
            <step title="Remove bca6669e4, Success, received at 1/21/2026 3:52:52 AM" date="2026-01-21T08:47:44.215" /><!-- duration: 18ms -->
          </step><!-- duration: 80ms -->
        </step><!-- duration: 6094ms -->
      </step><!-- duration: 6502ms -->
      <step title="Cleaning up temp files" date="2026-01-21T08:47:44.403" /><!-- duration: 0ms -->
      <step title="Skip function trigger and logicapp sync because function is not enabled." date="2026-01-21T08:47:44.434" /><!-- duration: 0ms -->
    </step><!-- duration: 8501ms -->
    <step title="LockFile &apos;C:\home\site\locks\deployments.lock&apos; released" date="2026-01-21T08:47:44.465" /><!-- duration: 0ms -->
    <step title="Deleting shutdown sentinel file" date="2026-01-21T08:47:44.465" SemaphoreCount="8" /><!-- duration: 0ms -->
  </step><!-- duration: 9219ms -->
  <step title="Outgoing response" date="2026-01-21T08:47:44.622" type="response" statusCode="200" statusText="OK" Server="Microsoft-IIS/10.0" x-ms-request-id="cc53dc2b-f6a5-11f0-b3bf-c4cb7696db44" Cache-Control="private" X-AspNet-Version="4.0.30319" /><!-- duration: 18ms -->
</step><!-- duration: 11611ms -->
