<step title="Incoming Request" date="2026-01-21T07:56:59.899" instance="89efd1" url="/api/publish?type=zip" method="POST" type="request" pid="1428,2,27" Cache-Control="no-cache" Content-Length="37850741" Content-Type="application/octet-stream" Accept="*/*" Accept-Encoding="gzip, deflate" Authorization="Bea..." Host="filesvc-stg-app.scm.chinacloudsites.cn" User-Agent="AZURECLI/2.77.0 (MSI)" x-ms-client-request-id="c0be5845-f69e-11f0-8069-c4cb7696db44" X-ARR-LOG-ID="c0be5845-f69e-11f0-8069-c4cb7696db44" CLIENT-IP="123.123.134.23:10101" X-SITE-DEPLOYMENT-ID="filesvc-stg-app" WAS-DEFAULT-HOSTNAME="filesvc-stg-app.scm.chinacloudsites.cn" X-Forwarded-Proto="https" X-AppService-Proto="https" X-Forwarded-TlsVersion="1.3" X-WAWS-Unencoded-URL="/api/publish?type=zip" >
  <step title="Cleanup Xml Logs" date="2026-01-21T07:56:59.899" /><!-- duration: 0ms -->
  <step title="OneDeploy" date="2026-01-21T07:56:59.910" >
    <step title="Starting PushDeployAsync" date="2026-01-21T07:56:59.910" /><!-- duration: 0ms -->
    <step title="Updating shutdown sentinel last write time" date="2026-01-21T07:56:59.929" SemaphoreCount="7" /><!-- duration: 12ms -->
    <step title="LockFile &apos;C:\home\site\locks\deployments.lock&apos; acquired" date="2026-01-21T07:56:59.941" /><!-- duration: 0ms -->
    <step title="Saving request content to C:\local\Temp\zipdeploy\r4ahmyxt.zip" date="2026-01-21T07:56:59.941" >
      <step title="Total 37,850,741 bytes written to C:\local\Temp\zipdeploy\r4ahmyxt.zip" date="2026-01-21T07:57:15.917" /><!-- duration: 0ms -->
    </step><!-- duration: 15976ms -->
    <step title="LockFile &apos;C:\home\site\locks\deployments.lock&apos; released" date="2026-01-21T07:57:15.917" /><!-- duration: 17ms -->
    <step title="Deleting shutdown sentinel file" date="2026-01-21T07:57:15.933" SemaphoreCount="8" /><!-- duration: 0ms -->
    <step title="Starting FetchDeploy" date="2026-01-21T07:57:15.933" /><!-- duration: 0ms -->
    <step title="Attempting to fetch target branch HEAD" date="2026-01-21T07:57:15.948" /><!-- duration: 0ms -->
    <step title="Updating shutdown sentinel last write time" date="2026-01-21T07:57:15.948" SemaphoreCount="7" /><!-- duration: 0ms -->
    <step title="LockFile &apos;C:\home\site\locks\deployments.lock&apos; acquired" date="2026-01-21T07:57:15.963" /><!-- duration: 0ms -->
    <step title="Performing fetch based deployment" date="2026-01-21T07:57:15.963" >
      <step title="Creating temporary deployment" date="2026-01-21T07:57:15.983" /><!-- duration: 12ms -->
      <step title="Fetching changes." date="2026-01-21T07:57:16.043" /><!-- duration: 0ms -->
      <step title="Starting LocalZipHandler" date="2026-01-21T07:57:16.073" /><!-- duration: 50ms -->
      <step title="Starting LocalZipFetch" date="2026-01-21T07:57:16.135" /><!-- duration: 0ms -->
      <step title="Cleaning up temp folders from previous zip deployments and extracting pushed zip file C:\local\Temp\zipdeploy\r4ahmyxt.zip (36.10 MB) to C:\local\Temp\zipdeploy\extracted" date="2026-01-21T07:57:16.135" /><!-- duration: 0ms -->
      <step title="Cleaning up temp folders from previous zip deployments and extracting pushed zip file C:\local\Temp\zipdeploy\r4ahmyxt.zip (36.10 MB) to C:\local\Temp\zipdeploy\extracted" date="2026-01-21T07:57:16.135" >
        <step title="Renaming extractTargetDirectory(C:\local\Temp\zipdeploy\extracted) to tempDirectory(C:\local\Temp\zipdeploy\vzs5o5aq.1ms)" date="2026-01-21T07:57:16.155" /><!-- duration: 0ms -->
        <step title="Extracting 123 entries to C:\local\Temp\zipdeploy\extracted directory" date="2026-01-21T07:57:16.325" >
          <step title="Extracting to C:\local\Temp\zipdeploy\extracted\runtimes\browser-wasm\nativeassets\net9.0\e_sqlite3.a ..." date="2026-01-21T07:57:16.385" /><!-- duration: 69ms -->
          <step title="Extracting to C:\local\Temp\zipdeploy\extracted\runtimes\linux-arm\native\libe_sqlite3.so ..." date="2026-01-21T07:57:16.465" /><!-- duration: 61ms -->
          <step title="Extracting to C:\local\Temp\zipdeploy\extracted\runtimes\linux-arm64\native\libe_sqlite3.so ..." date="2026-01-21T07:57:16.545" /><!-- duration: 122ms -->
          <step title="Extracting to C:\local\Temp\zipdeploy\extracted\runtimes\linux-armel\native\libe_sqlite3.so ..." date="2026-01-21T07:57:16.667" /><!-- duration: 79ms -->
          <step title="Extracting to C:\local\Temp\zipdeploy\extracted\runtimes\linux-mips64\native\libe_sqlite3.so ..." date="2026-01-21T07:57:16.745" /><!-- duration: 80ms -->
          <step title="Omitting extracting file traces ..." date="2026-01-21T07:57:16.825" /><!-- duration: 80ms -->
        </step><!-- duration: 4846ms -->
      </step><!-- duration: 5035ms -->
      <step title="None repository commit" date="2026-01-21T07:57:21.182" >
        <step title="Commit id: f44c9d7118884db2bbdf1f3fa63b2931" date="2026-01-21T07:57:21.182" Message="OneDeploy" AuthorName="N/A" AuthorEmail="N/A" /><!-- duration: 0ms -->
      </step><!-- duration: 18ms -->
      <step title="Before sending BuildRequestReceived status to /api/updatedeploystatus" date="2026-01-21T07:57:21.200" /><!-- duration: 0ms -->
      <step title="DeploymentManager.Deploy(id:f44c9d7118884db2bbdf1f3fa63b2931)" date="2026-01-21T07:57:21.200" >
        <step title="Collecting changeset information" date="2026-01-21T07:57:21.230" /><!-- duration: 30ms -->
        <step title="Updating submodules" date="2026-01-21T07:57:21.260" >
          <step title="Updating submodules." date="2026-01-21T07:57:21.323" /><!-- duration: 0ms -->
        </step><!-- duration: 80ms -->
        <step title="Preparing deployment for commit id &apos;f44c9d7118&apos;." date="2026-01-21T07:57:21.385" /><!-- duration: 0ms -->
        <step title="Determining deployment builder" date="2026-01-21T07:57:21.450" >
          <step title="Builder is OneDeployBuilder" date="2026-01-21T07:57:21.450" /><!-- duration: 13ms -->
        </step><!-- duration: 30ms -->
        <step title="Copying SSH keys" date="2026-01-21T07:57:21.511" /><!-- duration: 0ms -->
        <step title="Building" date="2026-01-21T07:57:21.526" >
          <step title="Running build. Project type: OneDeploy" date="2026-01-21T07:57:21.542" /><!-- duration: 33ms -->
          <step title="Copying the manifest" date="2026-01-21T07:57:21.620" /><!-- duration: 0ms -->
          <step title="Clean deploying to C:\home\site\wwwroot" date="2026-01-21T07:57:21.685" /><!-- duration: 20ms -->
          <step title="Generating deployment script." date="2026-01-21T07:57:21.765" /><!-- duration: 0ms -->
          <step title="Generating deployment script" date="2026-01-21T07:57:21.765" >
            <step title="Using cached version of the deployment script for command: -y --no-dot-deployment -r &quot;C:\local\Temp\zipdeploy\extracted&quot; -o &quot;C:\home\site\deployments\tools&quot; --basic --sitePath &quot;C:\local\Temp\zipdeploy\extracted&quot;" date="2026-01-21T07:57:21.795" /><!-- duration: 0ms -->
            <step title="Using cached version of deployment script (command: &apos;azure -y --no-dot-deployment -r &quot;C:\local\Temp\zipdeploy\extracted&quot; -o &quot;C:\home\site\deployments\tools&quot; --basic --sitePath &quot;C:\local\Temp\zipdeploy\extracted&quot;&apos;)." date="2026-01-21T07:57:21.824" /><!-- duration: 0ms -->
          </step><!-- duration: 80ms -->
          <step title="Running deployment command..." date="2026-01-21T07:57:21.904" /><!-- duration: 12ms -->
          <step title="Command: &quot;C:\home\site\deployments\tools\deploy.cmd&quot;" date="2026-01-21T07:57:21.917" /><!-- duration: 0ms -->
          <step title="Executing external process" date="2026-01-21T07:57:21.917" type="process" path="starter.cmd" arguments="&quot;C:\home\site\deployments\tools\deploy.cmd&quot;" >
            <step title="Handling Basic Web Site deployment." date="2026-01-21T07:57:23.385" /><!-- duration: 47ms -->
            <step title="Creating app_offline.htm" date="2026-01-21T07:57:23.682" /><!-- duration: 0ms -->
            <step title="KuduSync.NET from: &apos;C:\local\Temp\zipdeploy\extracted&apos; to: &apos;C:\home\site\wwwroot&apos;" date="2026-01-21T07:57:23.713" /><!-- duration: 0ms -->
            <step title="Copying file: &apos;efbundle.exe&apos;" date="2026-01-21T07:57:23.733" /><!-- duration: 0ms -->
            <step title="Copying file: &apos;FileService.Api.deps.json&apos;" date="2026-01-21T07:57:23.745" /><!-- duration: 18ms -->
            <step title="Copying file: &apos;FileService.Api.dll&apos;" date="2026-01-21T07:57:23.763" /><!-- duration: 30ms -->
            <step title="Copying file: &apos;FileService.Api.exe&apos;" date="2026-01-21T07:57:23.807" /><!-- duration: 0ms -->
            <step title="Copying file: &apos;FileService.Api.pdb&apos;" date="2026-01-21T07:57:23.823" /><!-- duration: 0ms -->
            <step title="Copying file: &apos;FileService.Api.runtimeconfig.json&apos;" date="2026-01-21T07:57:23.823" /><!-- duration: 0ms -->
            <step title="Copying file: &apos;FileService.Infrastructure.dll&apos;" date="2026-01-21T07:57:23.838" /><!-- duration: 0ms -->
            <step title="Copying file: &apos;FileService.Infrastructure.pdb&apos;" date="2026-01-21T07:57:23.838" /><!-- duration: 16ms -->
            <step title="Deleting app_offline.htm" date="2026-01-21T07:57:23.854" /><!-- duration: 0ms -->
            <step title="Finished successfully." date="2026-01-21T07:57:23.870" /><!-- duration: 0ms -->
          </step><!-- duration: 1953ms -->
          <step title="Build completed succesfully." date="2026-01-21T07:57:23.903" /><!-- duration: 20ms -->
          <step title="Running post deployment command(s)..." date="2026-01-21T07:57:23.983" /><!-- duration: 0ms -->
          <step title="Requesting site restart" date="2026-01-21T07:57:24.026" /><!-- duration: 0ms -->
          <step title="Requesting site restart" date="2026-01-21T07:57:24.026" /><!-- duration: 0ms -->
          <step title="Requesting site restart. Attempt #1" date="2026-01-21T07:57:24.093" /><!-- duration: 11ms -->
          <step title="Requesting site restart. Attempt #1" date="2026-01-21T07:57:24.104" /><!-- duration: 19ms -->
          <step title="Successfully requested a restart. Attempt #1" date="2026-01-21T07:57:24.245" /><!-- duration: 0ms -->
          <step title="Successfully requested a restart. Attempt #1" date="2026-01-21T07:57:24.245" /><!-- duration: 18ms -->
          <step title="Deployment successful. DEPLOYMENTINFO: deploymentPath = OneDeploy, deployer = OneDeploy, os = windows, sku = Basic, siteName = filesvc-stg-app, siteHostName = filesvc-stg-app.chinacloudsites.cn, deploymentStatus = Success" date="2026-01-21T07:57:24.307" /><!-- duration: 0ms -->
          <step title="Purge deployment items" date="2026-01-21T07:57:24.448" >
            <step title="Remove 10a1e5f7f, Success, received at 1/20/2026 2:24:29 PM" date="2026-01-21T07:57:24.516" /><!-- duration: 0ms -->
          </step><!-- duration: 78ms -->
        </step><!-- duration: 3000ms -->
      </step><!-- duration: 3326ms -->
      <step title="Cleaning up temp files" date="2026-01-21T07:57:24.526" /><!-- duration: 0ms -->
      <step title="Skip function trigger and logicapp sync because function is not enabled." date="2026-01-21T07:57:24.542" /><!-- duration: 0ms -->
    </step><!-- duration: 8625ms -->
    <step title="LockFile &apos;C:\home\site\locks\deployments.lock&apos; released" date="2026-01-21T07:57:24.606" /><!-- duration: 0ms -->
    <step title="Deleting shutdown sentinel file" date="2026-01-21T07:57:24.626" SemaphoreCount="8" /><!-- duration: 0ms -->
  </step><!-- duration: 24726ms -->
  <step title="Outgoing response" date="2026-01-21T07:57:24.636" type="response" statusCode="200" statusText="OK" Server="Microsoft-IIS/10.0" x-ms-request-id="c0be5845-f69e-11f0-8069-c4cb7696db44" Cache-Control="private" X-AspNet-Version="4.0.30319" /><!-- duration: 31ms -->
</step><!-- duration: 24767ms -->
