<step title="Incoming Request" date="2026-01-21T07:29:33.971" instance="89efd1" url="/api/publish?type=zip" method="POST" type="request" pid="1428,2,7" Cache-Control="no-cache" Content-Length="37848786" Content-Type="application/octet-stream" Accept="*/*" Accept-Encoding="gzip, deflate" Authorization="Bea..." Host="filesvc-stg-app.scm.chinacloudsites.cn" User-Agent="AZURECLI/2.77.0 (MSI)" x-ms-client-request-id="ec008717-f69a-11f0-b1c4-c4cb7696db44" X-ARR-LOG-ID="ec008717-f69a-11f0-b1c4-c4cb7696db44" CLIENT-IP="123.123.134.23:11102" X-SITE-DEPLOYMENT-ID="filesvc-stg-app" WAS-DEFAULT-HOSTNAME="filesvc-stg-app.scm.chinacloudsites.cn" X-Forwarded-Proto="https" X-AppService-Proto="https" X-Forwarded-TlsVersion="1.3" X-WAWS-Unencoded-URL="/api/publish?type=zip" >
  <step title="Cleanup Xml Logs" date="2026-01-21T07:29:33.992" /><!-- duration: 0ms -->
  <step title="OneDeploy" date="2026-01-21T07:29:34.003" >
    <step title="Starting PushDeployAsync" date="2026-01-21T07:29:34.003" /><!-- duration: 0ms -->
    <step title="Updating shutdown sentinel last write time" date="2026-01-21T07:29:34.018" SemaphoreCount="7" /><!-- duration: 0ms -->
    <step title="LockFile &apos;C:\home\site\locks\deployments.lock&apos; acquired" date="2026-01-21T07:29:34.018" /><!-- duration: 16ms -->
    <step title="Saving request content to C:\local\Temp\zipdeploy\mdjwen1p.zip" date="2026-01-21T07:29:34.034" >
      <step title="Total 37,848,786 bytes written to C:\local\Temp\zipdeploy\mdjwen1p.zip" date="2026-01-21T07:29:50.611" /><!-- duration: 0ms -->
    </step><!-- duration: 16577ms -->
    <step title="LockFile &apos;C:\home\site\locks\deployments.lock&apos; released" date="2026-01-21T07:29:50.611" /><!-- duration: 0ms -->
    <step title="Deleting shutdown sentinel file" date="2026-01-21T07:29:50.627" SemaphoreCount="8" /><!-- duration: 0ms -->
    <step title="Starting FetchDeploy" date="2026-01-21T07:29:50.627" /><!-- duration: 0ms -->
    <step title="Attempting to fetch target branch HEAD" date="2026-01-21T07:29:50.627" /><!-- duration: 0ms -->
    <step title="Updating shutdown sentinel last write time" date="2026-01-21T07:29:50.642" SemaphoreCount="7" /><!-- duration: 0ms -->
    <step title="LockFile &apos;C:\home\site\locks\deployments.lock&apos; acquired" date="2026-01-21T07:29:50.658" /><!-- duration: 0ms -->
    <step title="Performing fetch based deployment" date="2026-01-21T07:29:50.658" >
      <step title="Creating temporary deployment" date="2026-01-21T07:29:50.658" /><!-- duration: 31ms -->
      <step title="Fetching changes." date="2026-01-21T07:29:50.724" /><!-- duration: 0ms -->
      <step title="Starting LocalZipHandler" date="2026-01-21T07:29:50.736" /><!-- duration: 0ms -->
      <step title="Starting LocalZipFetch" date="2026-01-21T07:29:50.755" /><!-- duration: 0ms -->
      <step title="Cleaning up temp folders from previous zip deployments and extracting pushed zip file C:\local\Temp\zipdeploy\mdjwen1p.zip (36.10 MB) to C:\local\Temp\zipdeploy\extracted" date="2026-01-21T07:29:50.767" /><!-- duration: 0ms -->
      <step title="Cleaning up temp folders from previous zip deployments and extracting pushed zip file C:\local\Temp\zipdeploy\mdjwen1p.zip (36.10 MB) to C:\local\Temp\zipdeploy\extracted" date="2026-01-21T07:29:50.785" >
        <step title="Renaming extractTargetDirectory(C:\local\Temp\zipdeploy\extracted) to tempDirectory(C:\local\Temp\zipdeploy\0otwqbn5.uaj)" date="2026-01-21T07:29:50.785" /><!-- duration: 0ms -->
        <step title="Extracting 123 entries to C:\local\Temp\zipdeploy\extracted directory" date="2026-01-21T07:29:50.785" >
          <step title="Extracting to C:\local\Temp\zipdeploy\extracted\runtimes\browser-wasm\nativeassets\net9.0\e_sqlite3.a ..." date="2026-01-21T07:29:50.986" /><!-- duration: 79ms -->
          <step title="Extracting to C:\local\Temp\zipdeploy\extracted\runtimes\linux-arm\native\libe_sqlite3.so ..." date="2026-01-21T07:29:51.065" /><!-- duration: 62ms -->
          <step title="Extracting to C:\local\Temp\zipdeploy\extracted\runtimes\linux-arm64\native\libe_sqlite3.so ..." date="2026-01-21T07:29:51.145" /><!-- duration: 91ms -->
          <step title="Extracting to C:\local\Temp\zipdeploy\extracted\runtimes\linux-armel\native\libe_sqlite3.so ..." date="2026-01-21T07:29:51.236" /><!-- duration: 79ms -->
          <step title="Extracting to C:\local\Temp\zipdeploy\extracted\runtimes\linux-mips64\native\libe_sqlite3.so ..." date="2026-01-21T07:29:51.315" /><!-- duration: 80ms -->
          <step title="Omitting extracting file traces ..." date="2026-01-21T07:29:51.395" /><!-- duration: 91ms -->
        </step><!-- duration: 4940ms -->
      </step><!-- duration: 4952ms -->
      <step title="None repository commit" date="2026-01-21T07:29:55.736" >
        <step title="Commit id: 47fbd6b3e82a45d68acbec3524f58526" date="2026-01-21T07:29:55.754" Message="OneDeploy" AuthorName="N/A" AuthorEmail="N/A" /><!-- duration: 0ms -->
      </step><!-- duration: 18ms -->
      <step title="Before sending BuildRequestReceived status to /api/updatedeploystatus" date="2026-01-21T07:29:55.754" /><!-- duration: 30ms -->
      <step title="DeploymentManager.Deploy(id:47fbd6b3e82a45d68acbec3524f58526)" date="2026-01-21T07:29:55.784" >
        <step title="Collecting changeset information" date="2026-01-21T07:29:55.804" /><!-- duration: 41ms -->
        <step title="Updating submodules" date="2026-01-21T07:29:55.864" >
          <step title="Updating submodules." date="2026-01-21T07:29:55.924" /><!-- duration: 0ms -->
        </step><!-- duration: 75ms -->
        <step title="Preparing deployment for commit id &apos;47fbd6b3e8&apos;." date="2026-01-21T07:29:55.986" /><!-- duration: 0ms -->
        <step title="Determining deployment builder" date="2026-01-21T07:29:56.080" >
          <step title="Builder is OneDeployBuilder" date="2026-01-21T07:29:56.080" /><!-- duration: 0ms -->
        </step><!-- duration: 16ms -->
        <step title="Copying SSH keys" date="2026-01-21T07:29:56.127" /><!-- duration: 0ms -->
        <step title="Building" date="2026-01-21T07:29:56.127" >
          <step title="Running build. Project type: OneDeploy" date="2026-01-21T07:29:56.158" /><!-- duration: 0ms -->
          <step title="Copying the manifest" date="2026-01-21T07:29:56.205" /><!-- duration: 0ms -->
          <step title="Clean deploying to C:\home\site\wwwroot" date="2026-01-21T07:29:56.267" /><!-- duration: 0ms -->
          <step title="Generating deployment script." date="2026-01-21T07:29:56.314" /><!-- duration: 16ms -->
          <step title="Generating deployment script" date="2026-01-21T07:29:56.330" >
            <step title="Using cached version of the deployment script for command: -y --no-dot-deployment -r &quot;C:\local\Temp\zipdeploy\extracted&quot; -o &quot;C:\home\site\deployments\tools&quot; --basic --sitePath &quot;C:\local\Temp\zipdeploy\extracted&quot;" date="2026-01-21T07:29:56.364" /><!-- duration: 0ms -->
            <step title="Using cached version of deployment script (command: &apos;azure -y --no-dot-deployment -r &quot;C:\local\Temp\zipdeploy\extracted&quot; -o &quot;C:\home\site\deployments\tools&quot; --basic --sitePath &quot;C:\local\Temp\zipdeploy\extracted&quot;&apos;)." date="2026-01-21T07:29:56.377" /><!-- duration: 0ms -->
          </step><!-- duration: 64ms -->
          <step title="Running deployment command..." date="2026-01-21T07:29:56.475" /><!-- duration: 0ms -->
          <step title="Command: &quot;C:\home\site\deployments\tools\deploy.cmd&quot;" date="2026-01-21T07:29:56.486" /><!-- duration: 18ms -->
          <step title="Executing external process" date="2026-01-21T07:29:56.535" type="process" path="starter.cmd" arguments="&quot;C:\home\site\deployments\tools\deploy.cmd&quot;" >
            <step title="Handling Basic Web Site deployment." date="2026-01-21T07:29:57.036" /><!-- duration: 13ms -->
            <step title="Creating app_offline.htm" date="2026-01-21T07:29:58.288" /><!-- duration: 0ms -->
            <step title="KuduSync.NET from: &apos;C:\local\Temp\zipdeploy\extracted&apos; to: &apos;C:\home\site\wwwroot&apos;" date="2026-01-21T07:29:58.299" /><!-- duration: 0ms -->
            <step title="Copying file: &apos;efbundle.exe&apos;" date="2026-01-21T07:29:58.318" /><!-- duration: 12ms -->
            <step title="Copying file: &apos;FileService.Api.deps.json&apos;" date="2026-01-21T07:29:58.348" /><!-- duration: 0ms -->
            <step title="Copying file: &apos;FileService.Api.dll&apos;" date="2026-01-21T07:29:58.368" /><!-- duration: 0ms -->
            <step title="Copying file: &apos;FileService.Api.exe&apos;" date="2026-01-21T07:29:58.398" /><!-- duration: 0ms -->
            <step title="Copying file: &apos;FileService.Api.pdb&apos;" date="2026-01-21T07:29:58.408" /><!-- duration: 20ms -->
            <step title="Copying file: &apos;FileService.Api.runtimeconfig.json&apos;" date="2026-01-21T07:29:58.428" /><!-- duration: 0ms -->
            <step title="Deleting app_offline.htm" date="2026-01-21T07:29:58.439" /><!-- duration: 0ms -->
            <step title="Finished successfully." date="2026-01-21T07:29:58.439" /><!-- duration: 0ms -->
          </step><!-- duration: 1920ms -->
          <step title="Build completed succesfully." date="2026-01-21T07:29:58.488" /><!-- duration: 0ms -->
          <step title="Running post deployment command(s)..." date="2026-01-21T07:29:58.538" /><!-- duration: 0ms -->
          <step title="Requesting site restart" date="2026-01-21T07:29:58.611" /><!-- duration: 0ms -->
          <step title="Requesting site restart" date="2026-01-21T07:29:58.628" /><!-- duration: 0ms -->
          <step title="Requesting site restart. Attempt #1" date="2026-01-21T07:29:58.678" /><!-- duration: 12ms -->
          <step title="Requesting site restart. Attempt #1" date="2026-01-21T07:29:58.689" /><!-- duration: 18ms -->
          <step title="Successfully requested a restart. Attempt #1" date="2026-01-21T07:29:58.877" /><!-- duration: 0ms -->
          <step title="Successfully requested a restart. Attempt #1" date="2026-01-21T07:29:58.893" /><!-- duration: 0ms -->
          <step title="Deployment successful. DEPLOYMENTINFO: deploymentPath = OneDeploy, deployer = OneDeploy, os = windows, sku = Basic, siteName = filesvc-stg-app, siteHostName = filesvc-stg-app.chinacloudsites.cn, deploymentStatus = Success" date="2026-01-21T07:29:58.955" /><!-- duration: 0ms -->
        </step><!-- duration: 2969ms -->
      </step><!-- duration: 3311ms -->
      <step title="Cleaning up temp files" date="2026-01-21T07:29:59.096" /><!-- duration: 19ms -->
      <step title="Skip function trigger and logicapp sync because function is not enabled." date="2026-01-21T07:29:59.114" /><!-- duration: 0ms -->
    </step><!-- duration: 8506ms -->
    <step title="LockFile &apos;C:\home\site\locks\deployments.lock&apos; released" date="2026-01-21T07:29:59.174" /><!-- duration: 0ms -->
    <step title="Deleting shutdown sentinel file" date="2026-01-21T07:29:59.174" SemaphoreCount="8" /><!-- duration: 20ms -->
  </step><!-- duration: 25192ms -->
  <step title="Outgoing response" date="2026-01-21T07:29:59.205" type="response" statusCode="200" statusText="OK" Server="Microsoft-IIS/10.0" x-ms-request-id="ec008717-f69a-11f0-b1c4-c4cb7696db44" Cache-Control="private" X-AspNet-Version="4.0.30319" /><!-- duration: 0ms -->
</step><!-- duration: 25234ms -->
