﻿<?xml version="1.0" encoding="utf-8"?>
<deployment>
  <id>32e6339253c243d498fa3f2f5d6aaaa4</id>
  <author>N/A</author>
  <deployer>OneDeploy</deployer>
  <authorEmail>N/A</authorEmail>
  <message>OneDeploy</message>
  <progress></progress>
  <status>Success</status>
  <statusText></statusText>
  <lastSuccessEndTime>2026-01-21T13:20:04.8064367Z</lastSuccessEndTime>
  <receivedTime>2026-01-21T13:19:58.1321221Z</receivedTime>
  <startTime>2026-01-21T13:19:58.3512262Z</startTime>
  <endTime>2026-01-21T13:20:04.8064367Z</endTime>
  <complete>True</complete>
  <is_temp>False</is_temp>
  <is_readonly>True</is_readonly>
  <project_type>OneDeploy</project_type>
  <vsproject_id></vsproject_id>
</deployment>