﻿<?xml version="1.0" encoding="utf-8"?>
<deployment>
  <id>ba82f705674b4655993a62d23ac2e325</id>
  <author>N/A</author>
  <deployer>OneDeploy</deployer>
  <authorEmail>N/A</authorEmail>
  <message>OneDeploy</message>
  <progress></progress>
  <status>Success</status>
  <statusText></statusText>
  <lastSuccessEndTime>2026-01-21T12:23:43.3046236Z</lastSuccessEndTime>
  <receivedTime>2026-01-21T12:23:37.3825595Z</receivedTime>
  <startTime>2026-01-21T12:23:37.5388084Z</startTime>
  <endTime>2026-01-21T12:23:43.3046236Z</endTime>
  <complete>True</complete>
  <is_temp>False</is_temp>
  <is_readonly>True</is_readonly>
  <project_type>OneDeploy</project_type>
  <vsproject_id></vsproject_id>
</deployment>