{"TimeStamp":"2025-10-16T08:44:05Z","SiteName":"filesvc-stg-app","RequestId":"2d142dfd-aa6c-11f0-bfeb-c4cb7696db44","Kind":"OneDeploy","Status":"Success","Details":"{\"Id\":\"2cb3b8d9893644bea7198e953c569c2f\",\"Status\":4,\"StatusText\":\"\",\"AuthorEmail\":\"N/A\",\"Author\":\"N/A\",\"Message\":\"OneDeploy\",\"Progress\":\"\",\"Deployer\":\"OneDeploy\",\"ReceivedTime\":\"2025-10-16T08:43:58.6076938Z\",\"StartTime\":\"2025-10-16T08:43:58.7658923Z\",\"EndTime\":\"2025-10-16T08:44:05.6529336Z\",\"LastSuccessEndTime\":\"2025-10-16T08:44:05.6529336Z\",\"Complete\":true,\"IsTemporary\":false,\"IsReadOnly\":true,\"SiteName\":\"filesvc-stg-app\",\"HostName\":\"filesvc-stg-app.scm.chinacloudsites.cn\",\"ProjectType\":\"OneDeploy\",\"VsProjectId\":null}"}