﻿<?xml version="1.0" encoding="utf-8"?>
<deployment>
  <id>73daa32755ea4a719b1ac0004b180d84</id>
  <author>N/A</author>
  <deployer>OneDeploy</deployer>
  <authorEmail>N/A</authorEmail>
  <message>OneDeploy</message>
  <progress></progress>
  <status>Success</status>
  <statusText></statusText>
  <lastSuccessEndTime>2026-01-21T12:13:01.3925202Z</lastSuccessEndTime>
  <receivedTime>2026-01-21T12:12:54.282496Z</receivedTime>
  <startTime>2026-01-21T12:12:54.5186738Z</startTime>
  <endTime>2026-01-21T12:13:01.3925202Z</endTime>
  <complete>True</complete>
  <is_temp>False</is_temp>
  <is_readonly>True</is_readonly>
  <project_type>OneDeploy</project_type>
  <vsproject_id></vsproject_id>
</deployment>