{"TimeStamp":"2026-01-21T13:28:48Z","SiteName":"filesvc-stg-app","RequestId":"688b78ed-f6cc-11f0-b281-68ecc5669012","Kind":"OneDeploy","Status":"Success","Details":"{\"Id\":\"062ffd0c9afc4fa0a492aa45d5f3b8ef\",\"Status\":4,\"StatusText\":\"\",\"AuthorEmail\":\"N/A\",\"Author\":\"N/A\",\"Message\":\"OneDeploy\",\"Progress\":\"\",\"Deployer\":\"OneDeploy\",\"ReceivedTime\":\"2026-01-21T13:28:41.2479523Z\",\"StartTime\":\"2026-01-21T13:28:41.7974426Z\",\"EndTime\":\"2026-01-21T13:28:48.1868332Z\",\"LastSuccessEndTime\":\"2026-01-21T13:28:48.1868332Z\",\"Complete\":true,\"IsTemporary\":false,\"IsReadOnly\":true,\"SiteName\":\"filesvc-stg-app\",\"HostName\":\"filesvc-stg-app.scm.chinacloudsites.cn\",\"ProjectType\":\"OneDeploy\",\"VsProjectId\":null}"}