{"TimeStamp":"2025-10-16T09:09:11Z","SiteName":"filesvc-stg-app","RequestId":"b6d1de7b-aa6f-11f0-9e19-c4cb7696db44","Kind":"OneDeploy","Status":"Success","Details":"{\"Id\":\"a2c06b78eb53462181083012f7c0cd97\",\"Status\":4,\"StatusText\":\"\",\"AuthorEmail\":\"N/A\",\"Author\":\"N/A\",\"Message\":\"OneDeploy\",\"Progress\":\"\",\"Deployer\":\"OneDeploy\",\"ReceivedTime\":\"2025-10-16T09:09:07.9222124Z\",\"StartTime\":\"2025-10-16T09:09:08.0940793Z\",\"EndTime\":\"2025-10-16T09:09:11.8753421Z\",\"LastSuccessEndTime\":\"2025-10-16T09:09:11.8753421Z\",\"Complete\":true,\"IsTemporary\":false,\"IsReadOnly\":true,\"SiteName\":\"filesvc-stg-app\",\"HostName\":\"filesvc-stg-app.scm.chinacloudsites.cn\",\"ProjectType\":\"OneDeploy\",\"VsProjectId\":null}"}