<step title="Incoming Request" date="2025-10-16T08:43:42.420" instance="ff8a57" url="/api/publish?type=zip" method="POST" type="request" pid="5168,2,7" Cache-Control="no-cache" Content-Length="20567636" Content-Type="application/octet-stream" Accept="*/*" Accept-Encoding="gzip, deflate" Authorization="Bea..." Host="filesvc-stg-app.scm.chinacloudsites.cn" User-Agent="AZURECLI/2.77.0 (MSI)" x-ms-client-request-id="2d142dfd-aa6c-11f0-bfeb-c4cb7696db44" X-ARR-LOG-ID="2d142dfd-aa6c-11f0-bfeb-c4cb7696db44" CLIENT-IP="111.197.33.173:5171" X-SITE-DEPLOYMENT-ID="filesvc-stg-app" WAS-DEFAULT-HOSTNAME="filesvc-stg-app.scm.chinacloudsites.cn" X-Forwarded-Proto="https" X-AppService-Proto="https" X-Forwarded-TlsVersion="1.3" X-WAWS-Unencoded-URL="/api/publish?type=zip" X-MS-COLDSTART="1" >
  <step title="OneDeploy" date="2025-10-16T08:43:45.123" >
    <step title="Starting PushDeployAsync" date="2025-10-16T08:43:45.223" /><!-- duration: 0ms -->
    <step title="Updating shutdown sentinel last write time" date="2025-10-16T08:43:45.471" SemaphoreCount="7" /><!-- duration: 11ms -->
    <step title="LockFile &apos;C:\home\site\locks\deployments.lock&apos; acquired" date="2025-10-16T08:43:45.482" /><!-- duration: 0ms -->
    <step title="Saving request content to C:\local\Temp\zipdeploy\asgnd4s1.zip" date="2025-10-16T08:43:45.498" >
      <step title="Total 20,567,636 bytes written to C:\local\Temp\zipdeploy\asgnd4s1.zip" date="2025-10-16T08:43:51.780" /><!-- duration: 50ms -->
    </step><!-- duration: 6553ms -->
    <step title="LockFile &apos;C:\home\site\locks\deployments.lock&apos; released" date="2025-10-16T08:43:52.081" /><!-- duration: 10ms -->
    <step title="Deleting shutdown sentinel file" date="2025-10-16T08:43:52.142" SemaphoreCount="8" /><!-- duration: 0ms -->
    <step title="Starting FetchDeploy" date="2025-10-16T08:43:52.172" /><!-- duration: 60ms -->
    <step title="Attempting to fetch target branch HEAD" date="2025-10-16T08:43:52.312" /><!-- duration: 61ms -->
    <step title="Updating shutdown sentinel last write time" date="2025-10-16T08:43:52.644" SemaphoreCount="7" /><!-- duration: 42ms -->
    <step title="LockFile &apos;C:\home\site\locks\deployments.lock&apos; acquired" date="2025-10-16T08:43:52.734" /><!-- duration: 0ms -->
    <step title="Performing fetch based deployment" date="2025-10-16T08:43:52.764" >
      <step title="Creating temporary deployment" date="2025-10-16T08:43:52.826" /><!-- duration: 625ms -->
      <step title="Fetching changes." date="2025-10-16T08:43:53.779" /><!-- duration: 50ms -->
      <step title="Starting LocalZipHandler" date="2025-10-16T08:43:54.013" /><!-- duration: 188ms -->
      <step title="Starting LocalZipFetch" date="2025-10-16T08:43:54.342" /><!-- duration: 62ms -->
      <step title="Cleaning up temp folders from previous zip deployments and extracting pushed zip file C:\local\Temp\zipdeploy\asgnd4s1.zip (19.61 MB) to C:\local\Temp\zipdeploy\extracted" date="2025-10-16T08:43:54.513" /><!-- duration: 49ms -->
      <step title="Cleaning up temp folders from previous zip deployments and extracting pushed zip file C:\local\Temp\zipdeploy\asgnd4s1.zip (19.61 MB) to C:\local\Temp\zipdeploy\extracted" date="2025-10-16T08:43:54.673" >
        <step title="Extracting 112 entries to C:\local\Temp\zipdeploy\extracted directory" date="2025-10-16T08:43:54.814" >
          <step title="Extracting to C:\local\Temp\zipdeploy\extracted\runtimes\browser-wasm\nativeassets\net8.0\e_sqlite3.a ..." date="2025-10-16T08:43:54.844" /><!-- duration: 171ms -->
          <step title="Extracting to C:\local\Temp\zipdeploy\extracted\runtimes\linux-arm\native\libe_sqlite3.so ..." date="2025-10-16T08:43:55.035" /><!-- duration: 91ms -->
          <step title="Extracting to C:\local\Temp\zipdeploy\extracted\runtimes\linux-arm64\native\libe_sqlite3.so ..." date="2025-10-16T08:43:55.217" /><!-- duration: 141ms -->
          <step title="Extracting to C:\local\Temp\zipdeploy\extracted\runtimes\linux-armel\native\libe_sqlite3.so ..." date="2025-10-16T08:43:55.406" /><!-- duration: 171ms -->
          <step title="Extracting to C:\local\Temp\zipdeploy\extracted\runtimes\linux-mips64\native\libe_sqlite3.so ..." date="2025-10-16T08:43:55.658" /><!-- duration: 90ms -->
          <step title="Omitting extracting file traces ..." date="2025-10-16T08:43:55.768" /><!-- duration: 73ms -->
        </step><!-- duration: 3608ms -->
      </step><!-- duration: 3768ms -->
      <step title="None repository commit" date="2025-10-16T08:43:58.452" >
        <step title="Commit id: 2cb3b8d9893644bea7198e953c569c2f" date="2025-10-16T08:43:58.472" Message="OneDeploy" AuthorName="N/A" AuthorEmail="N/A" /><!-- duration: 30ms -->
      </step><!-- duration: 62ms -->
      <step title="Before sending BuildRequestReceived status to /api/updatedeploystatus" date="2025-10-16T08:43:58.513" /><!-- duration: 31ms -->
      <step title="DeploymentManager.Deploy(id:2cb3b8d9893644bea7198e953c569c2f)" date="2025-10-16T08:43:58.562" >
        <step title="Collecting changeset information" date="2025-10-16T08:43:58.576" /><!-- duration: 47ms -->
        <step title="Updating submodules" date="2025-10-16T08:43:58.623" >
          <step title="Updating submodules." date="2025-10-16T08:43:58.670" /><!-- duration: 0ms -->
        </step><!-- duration: 62ms -->
        <step title="Preparing deployment for commit id &apos;2cb3b8d989&apos;." date="2025-10-16T08:43:58.732" /><!-- duration: 0ms -->
        <step title="Determining deployment builder" date="2025-10-16T08:43:58.779" >
          <step title="Builder is OneDeployBuilder" date="2025-10-16T08:43:58.795" /><!-- duration: 0ms -->
        </step><!-- duration: 16ms -->
        <step title="Copying SSH keys" date="2025-10-16T08:43:58.810" /><!-- duration: 16ms -->
        <step title="Building" date="2025-10-16T08:43:58.826" >
          <step title="Running build. Project type: OneDeploy" date="2025-10-16T08:43:58.920" /><!-- duration: 0ms -->
          <step title="Copying the manifest" date="2025-10-16T08:43:58.967" /><!-- duration: 0ms -->
          <step title="Clean deploying to C:\home\site\wwwroot" date="2025-10-16T08:43:59.014" /><!-- duration: 0ms -->
          <step title="Generating deployment script." date="2025-10-16T08:43:59.061" /><!-- duration: 16ms -->
          <step title="Generating deployment script" date="2025-10-16T08:43:59.076" >
            <step title="Using the following command to generate deployment script: &apos;azure site deploymentscript -y --no-dot-deployment -r &quot;C:\local\Temp\zipdeploy\extracted&quot; -o &quot;C:\home\site\deployments\tools&quot; --basic --sitePath &quot;C:\local\Temp\zipdeploy\extracted&quot;&apos;." date="2025-10-16T08:43:59.234" /><!-- duration: 15ms -->
            <step title="Executing external process" date="2025-10-16T08:43:59.296" type="process" path="starter.cmd" arguments="&quot;C:\Program Files (x86)\SiteExtensions\Kudu\2025.09.1.1\bin\node_modules\.bin\kuduscript.cmd&quot; -y --no-dot-deployment -r &quot;C:\local\Temp\zipdeploy\extracted&quot; -o &quot;C:\home\site\deployments\tools&quot; --basic --sitePath &quot;C:\local\Temp\zipdeploy\extracted&quot;" >
              <step title="Generating deployment script for Web Site" date="2025-10-16T08:44:00.233" /><!-- duration: 0ms -->
            </step><!-- duration: 953ms -->
            <step title="Saved cached version of the deployment script for command -y --no-dot-deployment -r &quot;C:\local\Temp\zipdeploy\extracted&quot; -o &quot;C:\home\site\deployments\tools&quot; --basic --sitePath &quot;C:\local\Temp\zipdeploy\extracted&quot;" date="2025-10-16T08:44:00.248" /><!-- duration: 0ms -->
          </step><!-- duration: 1188ms -->
          <step title="Running deployment command..." date="2025-10-16T08:44:00.311" /><!-- duration: 0ms -->
          <step title="Command: &quot;C:\home\site\deployments\tools\deploy.cmd&quot;" date="2025-10-16T08:44:00.329" /><!-- duration: 17ms -->
          <step title="Executing external process" date="2025-10-16T08:44:00.376" type="process" path="starter.cmd" arguments="&quot;C:\home\site\deployments\tools\deploy.cmd&quot;" >
            <step title="Handling Basic Web Site deployment." date="2025-10-16T08:44:01.959" /><!-- duration: 0ms -->
            <step title="Creating app_offline.htm" date="2025-10-16T08:44:01.976" /><!-- duration: 0ms -->
            <step title="KuduSync.NET from: &apos;C:\local\Temp\zipdeploy\extracted&apos; to: &apos;C:\home\site\wwwroot&apos;" date="2025-10-16T08:44:01.992" /><!-- duration: 0ms -->
            <step title="Deleting file: &apos;hostingstart.html&apos;" date="2025-10-16T08:44:02.011" /><!-- duration: 0ms -->
            <step title="Copying file: &apos;appsettings.Development.json&apos;" date="2025-10-16T08:44:02.039" /><!-- duration: 0ms -->
            <step title="Copying file: &apos;appsettings.json&apos;" date="2025-10-16T08:44:02.071" /><!-- duration: 20ms -->
            <step title="Copying file: &apos;appsettings.Production.json&apos;" date="2025-10-16T08:44:02.101" /><!-- duration: 0ms -->
            <step title="Copying file: &apos;appsettings.Staging.json&apos;" date="2025-10-16T08:44:02.117" /><!-- duration: 0ms -->
            <step title="Copying file: &apos;Azure.Core.dll&apos;" date="2025-10-16T08:44:02.133" /><!-- duration: 16ms -->
            <step title="Copying file: &apos;Azure.Data.Tables.dll&apos;" date="2025-10-16T08:44:02.164" /><!-- duration: 0ms -->
            <step title="Copying file: &apos;Azure.Identity.dll&apos;" date="2025-10-16T08:44:02.164" /><!-- duration: 16ms -->
            <step title="Copying file: &apos;Azure.Storage.Blobs.dll&apos;" date="2025-10-16T08:44:02.195" /><!-- duration: 17ms -->
            <step title="Copying file: &apos;Azure.Storage.Common.dll&apos;" date="2025-10-16T08:44:02.226" /><!-- duration: 0ms -->
            <step title="Copying file: &apos;FileService.Api.deps.json&apos;" date="2025-10-16T08:44:02.242" /><!-- duration: 0ms -->
            <step title="Copying file: &apos;FileService.Api.dll&apos;" date="2025-10-16T08:44:02.273" /><!-- duration: 0ms -->
            <step title="Copying file: &apos;FileService.Api.exe&apos;" date="2025-10-16T08:44:02.304" /><!-- duration: 0ms -->
            <step title="Copying file: &apos;FileService.Api.pdb&apos;" date="2025-10-16T08:44:02.336" /><!-- duration: 0ms -->
            <step title="Copying file: &apos;FileService.Api.runtimeconfig.json&apos;" date="2025-10-16T08:44:02.351" /><!-- duration: 0ms -->
            <step title="Copying file: &apos;FileService.Core.dll&apos;" date="2025-10-16T08:44:02.367" /><!-- duration: 0ms -->
            <step title="Copying file: &apos;FileService.Core.pdb&apos;" date="2025-10-16T08:44:02.400" /><!-- duration: 0ms -->
            <step title="Copying file: &apos;FileService.Infrastructure.dll&apos;" date="2025-10-16T08:44:02.416" /><!-- duration: 0ms -->
            <step title="Copying file: &apos;FileService.Infrastructure.pdb&apos;" date="2025-10-16T08:44:02.463" /><!-- duration: 0ms -->
            <step title="Copying file: &apos;Microsoft.Bcl.AsyncInterfaces.dll&apos;" date="2025-10-16T08:44:02.511" /><!-- duration: 0ms -->
            <step title="Copying file: &apos;Microsoft.Data.SqlClient.dll&apos;" date="2025-10-16T08:44:02.525" /><!-- duration: 16ms -->
            <step title="Copying file: &apos;Microsoft.Data.Sqlite.dll&apos;" date="2025-10-16T08:44:02.561" /><!-- duration: 0ms -->
            <step title="Copying file: &apos;Microsoft.EntityFrameworkCore.Abstractions.dll&apos;" date="2025-10-16T08:44:02.572" /><!-- duration: 16ms -->
            <step title="Copying file: &apos;Microsoft.EntityFrameworkCore.dll&apos;" date="2025-10-16T08:44:02.603" /><!-- duration: 16ms -->
            <step title="Copying file: &apos;Microsoft.EntityFrameworkCore.Relational.dll&apos;" date="2025-10-16T08:44:02.635" /><!-- duration: 18ms -->
            <step title="Copying file: &apos;Microsoft.EntityFrameworkCore.Sqlite.dll&apos;" date="2025-10-16T08:44:02.666" /><!-- duration: 16ms -->
            <step title="Copying file: &apos;Microsoft.EntityFrameworkCore.SqlServer.dll&apos;" date="2025-10-16T08:44:02.713" /><!-- duration: 16ms -->
            <step title="Copying file: &apos;Microsoft.Extensions.DependencyModel.dll&apos;" date="2025-10-16T08:44:02.744" /><!-- duration: 0ms -->
            <step title="Copying file: &apos;Microsoft.Identity.Client.dll&apos;" date="2025-10-16T08:44:02.763" /><!-- duration: 12ms -->
            <step title="Copying file: &apos;Microsoft.Identity.Client.Extensions.Msal.dll&apos;" date="2025-10-16T08:44:02.791" /><!-- duration: 0ms -->
            <step title="Copying file: &apos;Microsoft.IdentityModel.Abstractions.dll&apos;" date="2025-10-16T08:44:02.791" /><!-- duration: 16ms -->
            <step title="Copying file: &apos;Microsoft.IdentityModel.JsonWebTokens.dll&apos;" date="2025-10-16T08:44:02.823" /><!-- duration: 0ms -->
            <step title="Copying file: &apos;Microsoft.IdentityModel.Logging.dll&apos;" date="2025-10-16T08:44:02.854" /><!-- duration: 0ms -->
            <step title="Copying file: &apos;Microsoft.IdentityModel.Protocols.dll&apos;" date="2025-10-16T08:44:02.869" /><!-- duration: 16ms -->
            <step title="Copying file: &apos;Microsoft.IdentityModel.Protocols.OpenIdConnect.dll&apos;" date="2025-10-16T08:44:02.900" /><!-- duration: 0ms -->
            <step title="Copying file: &apos;Microsoft.IdentityModel.Tokens.dll&apos;" date="2025-10-16T08:44:02.916" /><!-- duration: 16ms -->
            <step title="Copying file: &apos;Microsoft.OpenApi.dll&apos;" date="2025-10-16T08:44:02.978" /><!-- duration: 0ms -->
            <step title="Copying file: &apos;Microsoft.SqlServer.Server.dll&apos;" date="2025-10-16T08:44:02.994" /><!-- duration: 126ms -->
            <step title="Copying file: &apos;Microsoft.Win32.SystemEvents.dll&apos;" date="2025-10-16T08:44:03.166" /><!-- duration: 16ms -->
            <step title="Copying file: &apos;SQLitePCLRaw.batteries_v2.dll&apos;" date="2025-10-16T08:44:03.213" /><!-- duration: 0ms -->
            <step title="Copying file: &apos;SQLitePCLRaw.core.dll&apos;" date="2025-10-16T08:44:03.228" /><!-- duration: 0ms -->
            <step title="Copying file: &apos;SQLitePCLRaw.provider.e_sqlite3.dll&apos;" date="2025-10-16T08:44:03.244" /><!-- duration: 0ms -->
            <step title="Copying file: &apos;Swashbuckle.AspNetCore.Swagger.dll&apos;" date="2025-10-16T08:44:03.260" /><!-- duration: 16ms -->
            <step title="Copying file: &apos;Swashbuckle.AspNetCore.SwaggerGen.dll&apos;" date="2025-10-16T08:44:03.291" /><!-- duration: 0ms -->
            <step title="Copying file: &apos;Swashbuckle.AspNetCore.SwaggerUI.dll&apos;" date="2025-10-16T08:44:03.307" /><!-- duration: 0ms -->
            <step title="Copying file: &apos;System.ClientModel.dll&apos;" date="2025-10-16T08:44:03.322" /><!-- duration: 0ms -->
            <step title="Copying file: &apos;System.Configuration.ConfigurationManager.dll&apos;" date="2025-10-16T08:44:03.340" /><!-- duration: 0ms -->
            <step title="Copying file: &apos;System.Drawing.Common.dll&apos;" date="2025-10-16T08:44:03.356" /><!-- duration: 0ms -->
            <step title="Omitting next output lines..." date="2025-10-16T08:44:03.371" /><!-- duration: 0ms -->
            <step title="Finished successfully." date="2025-10-16T08:44:03.387" /><!-- duration: 0ms -->
          </step><!-- duration: 3026ms -->
          <step title="Build completed succesfully." date="2025-10-16T08:44:03.449" /><!-- duration: 18ms -->
          <step title="Running post deployment command(s)..." date="2025-10-16T08:44:03.512" /><!-- duration: 16ms -->
          <step title="Requesting site restart" date="2025-10-16T08:44:03.590" /><!-- duration: 16ms -->
          <step title="Requesting site restart" date="2025-10-16T08:44:03.606" /><!-- duration: 16ms -->
          <step title="Requesting site restart. Attempt #1" date="2025-10-16T08:44:03.684" /><!-- duration: 0ms -->
          <step title="Requesting site restart. Attempt #1" date="2025-10-16T08:44:03.699" /><!-- duration: 0ms -->
          <step title="Successfully requested a restart. Attempt #1" date="2025-10-16T08:44:05.574" /><!-- duration: 0ms -->
          <step title="Successfully requested a restart. Attempt #1" date="2025-10-16T08:44:05.590" /><!-- duration: 0ms -->
          <step title="Deployment successful. DEPLOYMENTINFO: deploymentPath = OneDeploy, deployer = OneDeploy, os = windows, sku = Basic, siteName = filesvc-stg-app, siteHostName = filesvc-stg-app.chinacloudsites.cn, deploymentStatus = Success" date="2025-10-16T08:44:05.621" /><!-- duration: 16ms -->
        </step><!-- duration: 7045ms -->
      </step><!-- duration: 7309ms -->
      <step title="Cleaning up temp files" date="2025-10-16T08:44:05.887" /><!-- duration: 0ms -->
      <step title="Skip function trigger and logicapp sync because function is not enabled." date="2025-10-16T08:44:05.902" /><!-- duration: 16ms -->
    </step><!-- duration: 13232ms -->
    <step title="LockFile &apos;C:\home\site\locks\deployments.lock&apos; released" date="2025-10-16T08:44:06.012" /><!-- duration: 0ms -->
    <step title="Deleting shutdown sentinel file" date="2025-10-16T08:44:06.012" SemaphoreCount="8" /><!-- duration: 16ms -->
  </step><!-- duration: 20926ms -->
  <step title="Outgoing response" date="2025-10-16T08:44:06.262" type="response" statusCode="200" statusText="OK" Server="Microsoft-IIS/10.0" x-ms-request-id="2d142dfd-aa6c-11f0-bfeb-c4cb7696db44" Cache-Control="private" X-AspNet-Version="4.0.30319" /><!-- duration: 18ms -->
</step><!-- duration: 23873ms -->
