<step title="Incoming Request" date="2025-10-16T09:08:55.593" instance="ff8a57" url="/api/publish?type=zip" method="POST" type="request" pid="5392,2,8" Cache-Control="no-cache" Content-Length="20567636" Content-Type="application/octet-stream" Accept="*/*" Accept-Encoding="gzip, deflate" Authorization="Bea..." Host="filesvc-stg-app.scm.chinacloudsites.cn" User-Agent="AZURECLI/2.77.0 (MSI)" x-ms-client-request-id="b6d1de7b-aa6f-11f0-9e19-c4cb7696db44" X-ARR-LOG-ID="b6d1de7b-aa6f-11f0-9e19-c4cb7696db44" CLIENT-IP="111.197.33.173:5326" X-SITE-DEPLOYMENT-ID="filesvc-stg-app" WAS-DEFAULT-HOSTNAME="filesvc-stg-app.scm.chinacloudsites.cn" X-Forwarded-Proto="https" X-AppService-Proto="https" X-Forwarded-TlsVersion="1.3" X-WAWS-Unencoded-URL="/api/publish?type=zip" >
  <step title="OneDeploy" date="2025-10-16T09:08:56.833" >
    <step title="Starting PushDeployAsync" date="2025-10-16T09:08:56.954" /><!-- duration: 20ms -->
    <step title="Updating shutdown sentinel last write time" date="2025-10-16T09:08:57.175" SemaphoreCount="7" /><!-- duration: 0ms -->
    <step title="LockFile &apos;C:\home\site\locks\deployments.lock&apos; acquired" date="2025-10-16T09:08:57.187" /><!-- duration: 0ms -->
    <step title="Saving request content to C:\local\Temp\zipdeploy\eswbossy.zip" date="2025-10-16T09:08:57.205" >
      <step title="Total 20,567,636 bytes written to C:\local\Temp\zipdeploy\eswbossy.zip" date="2025-10-16T09:09:04.156" /><!-- duration: 21ms -->
    </step><!-- duration: 6983ms -->
    <step title="LockFile &apos;C:\home\site\locks\deployments.lock&apos; released" date="2025-10-16T09:09:04.187" /><!-- duration: 0ms -->
    <step title="Deleting shutdown sentinel file" date="2025-10-16T09:09:04.203" SemaphoreCount="8" /><!-- duration: 16ms -->
    <step title="Starting FetchDeploy" date="2025-10-16T09:09:04.239" /><!-- duration: 0ms -->
    <step title="Attempting to fetch target branch HEAD" date="2025-10-16T09:09:04.239" /><!-- duration: 11ms -->
    <step title="Updating shutdown sentinel last write time" date="2025-10-16T09:09:04.265" SemaphoreCount="7" /><!-- duration: 0ms -->
    <step title="LockFile &apos;C:\home\site\locks\deployments.lock&apos; acquired" date="2025-10-16T09:09:04.265" /><!-- duration: 16ms -->
    <step title="Performing fetch based deployment" date="2025-10-16T09:09:04.301" >
      <step title="Creating temporary deployment" date="2025-10-16T09:09:04.301" /><!-- duration: 183ms -->
      <step title="Fetching changes." date="2025-10-16T09:09:04.594" /><!-- duration: 0ms -->
      <step title="Starting LocalZipHandler" date="2025-10-16T09:09:04.609" /><!-- duration: 16ms -->
      <step title="Starting LocalZipFetch" date="2025-10-16T09:09:04.640" /><!-- duration: 0ms -->
      <step title="Cleaning up temp folders from previous zip deployments and extracting pushed zip file C:\local\Temp\zipdeploy\eswbossy.zip (19.61 MB) to C:\local\Temp\zipdeploy\extracted" date="2025-10-16T09:09:04.640" /><!-- duration: 16ms -->
      <step title="Cleaning up temp folders from previous zip deployments and extracting pushed zip file C:\local\Temp\zipdeploy\eswbossy.zip (19.61 MB) to C:\local\Temp\zipdeploy\extracted" date="2025-10-16T09:09:04.656" >
        <step title="Extracting 112 entries to C:\local\Temp\zipdeploy\extracted directory" date="2025-10-16T09:09:04.703" >
          <step title="Extracting to C:\local\Temp\zipdeploy\extracted\runtimes\browser-wasm\nativeassets\net8.0\e_sqlite3.a ..." date="2025-10-16T09:09:04.734" /><!-- duration: 109ms -->
          <step title="Extracting to C:\local\Temp\zipdeploy\extracted\runtimes\linux-arm\native\libe_sqlite3.so ..." date="2025-10-16T09:09:04.864" /><!-- duration: 60ms -->
          <step title="Extracting to C:\local\Temp\zipdeploy\extracted\runtimes\linux-arm64\native\libe_sqlite3.so ..." date="2025-10-16T09:09:04.937" /><!-- duration: 78ms -->
          <step title="Extracting to C:\local\Temp\zipdeploy\extracted\runtimes\linux-armel\native\libe_sqlite3.so ..." date="2025-10-16T09:09:05.035" /><!-- duration: 61ms -->
          <step title="Extracting to C:\local\Temp\zipdeploy\extracted\runtimes\linux-mips64\native\libe_sqlite3.so ..." date="2025-10-16T09:09:05.140" /><!-- duration: 78ms -->
          <step title="Omitting extracting file traces ..." date="2025-10-16T09:09:05.219" /><!-- duration: 78ms -->
        </step><!-- duration: 3127ms -->
      </step><!-- duration: 3174ms -->
      <step title="None repository commit" date="2025-10-16T09:09:07.844" >
        <step title="Commit id: a2c06b78eb53462181083012f7c0cd97" date="2025-10-16T09:09:07.844" Message="OneDeploy" AuthorName="N/A" AuthorEmail="N/A" /><!-- duration: 0ms -->
      </step><!-- duration: 16ms -->
      <step title="Before sending BuildRequestReceived status to /api/updatedeploystatus" date="2025-10-16T09:09:07.859" /><!-- duration: 0ms -->
      <step title="DeploymentManager.Deploy(id:a2c06b78eb53462181083012f7c0cd97)" date="2025-10-16T09:09:07.875" >
        <step title="Collecting changeset information" date="2025-10-16T09:09:07.906" /><!-- duration: 31ms -->
        <step title="Updating submodules" date="2025-10-16T09:09:07.953" >
          <step title="Updating submodules." date="2025-10-16T09:09:07.984" /><!-- duration: 16ms -->
        </step><!-- duration: 47ms -->
        <step title="Preparing deployment for commit id &apos;a2c06b78eb&apos;." date="2025-10-16T09:09:08.078" /><!-- duration: 0ms -->
        <step title="Determining deployment builder" date="2025-10-16T09:09:08.125" >
          <step title="Builder is OneDeployBuilder" date="2025-10-16T09:09:08.125" /><!-- duration: 16ms -->
        </step><!-- duration: 16ms -->
        <step title="Copying SSH keys" date="2025-10-16T09:09:08.172" /><!-- duration: 0ms -->
        <step title="Building" date="2025-10-16T09:09:08.172" >
          <step title="Running build. Project type: OneDeploy" date="2025-10-16T09:09:08.234" /><!-- duration: 0ms -->
          <step title="Copying the manifest" date="2025-10-16T09:09:08.281" /><!-- duration: 0ms -->
          <step title="Clean deploying to C:\home\site\wwwroot" date="2025-10-16T09:09:08.344" /><!-- duration: 0ms -->
          <step title="Generating deployment script." date="2025-10-16T09:09:08.390" /><!-- duration: 16ms -->
          <step title="Generating deployment script" date="2025-10-16T09:09:08.406" >
            <step title="Using cached version of the deployment script for command: -y --no-dot-deployment -r &quot;C:\local\Temp\zipdeploy\extracted&quot; -o &quot;C:\home\site\deployments\tools&quot; --basic --sitePath &quot;C:\local\Temp\zipdeploy\extracted&quot;" date="2025-10-16T09:09:08.562" /><!-- duration: 0ms -->
            <step title="Using cached version of deployment script (command: &apos;azure -y --no-dot-deployment -r &quot;C:\local\Temp\zipdeploy\extracted&quot; -o &quot;C:\home\site\deployments\tools&quot; --basic --sitePath &quot;C:\local\Temp\zipdeploy\extracted&quot;&apos;)." date="2025-10-16T09:09:08.578" /><!-- duration: 0ms -->
          </step><!-- duration: 187ms -->
          <step title="Running deployment command..." date="2025-10-16T09:09:08.640" /><!-- duration: 0ms -->
          <step title="Command: &quot;C:\home\site\deployments\tools\deploy.cmd&quot;" date="2025-10-16T09:09:08.656" /><!-- duration: 0ms -->
          <step title="Executing external process" date="2025-10-16T09:09:08.692" type="process" path="starter.cmd" arguments="&quot;C:\home\site\deployments\tools\deploy.cmd&quot;" >
            <step title="Handling Basic Web Site deployment." date="2025-10-16T09:09:09.345" /><!-- duration: 20ms -->
            <step title="Creating app_offline.htm" date="2025-10-16T09:09:09.984" /><!-- duration: 16ms -->
            <step title="KuduSync.NET from: &apos;C:\local\Temp\zipdeploy\extracted&apos; to: &apos;C:\home\site\wwwroot&apos;" date="2025-10-16T09:09:10.031" /><!-- duration: 20ms -->
            <step title="Deleting app_offline.htm" date="2025-10-16T09:09:10.081" /><!-- duration: 13ms -->
            <step title="Finished successfully." date="2025-10-16T09:09:10.125" /><!-- duration: 16ms -->
          </step><!-- duration: 1449ms -->
          <step title="Build completed succesfully." date="2025-10-16T09:09:10.187" /><!-- duration: 0ms -->
          <step title="Running post deployment command(s)..." date="2025-10-16T09:09:10.234" /><!-- duration: 16ms -->
          <step title="Requesting site restart" date="2025-10-16T09:09:10.328" /><!-- duration: 0ms -->
          <step title="Requesting site restart" date="2025-10-16T09:09:10.328" /><!-- duration: 16ms -->
          <step title="Requesting site restart. Attempt #1" date="2025-10-16T09:09:10.406" /><!-- duration: 0ms -->
          <step title="Requesting site restart. Attempt #1" date="2025-10-16T09:09:10.422" /><!-- duration: 0ms -->
          <step title="Successfully requested a restart. Attempt #1" date="2025-10-16T09:09:11.765" /><!-- duration: 0ms -->
          <step title="Successfully requested a restart. Attempt #1" date="2025-10-16T09:09:11.781" /><!-- duration: 0ms -->
          <step title="Deployment successful. DEPLOYMENTINFO: deploymentPath = OneDeploy, deployer = OneDeploy, os = windows, sku = Basic, siteName = filesvc-stg-app, siteHostName = filesvc-stg-app.chinacloudsites.cn, deploymentStatus = Success" date="2025-10-16T09:09:11.844" /><!-- duration: 0ms -->
        </step><!-- duration: 3859ms -->
      </step><!-- duration: 4156ms -->
      <step title="Cleaning up temp files" date="2025-10-16T09:09:12.031" /><!-- duration: 16ms -->
      <step title="Skip function trigger and logicapp sync because function is not enabled." date="2025-10-16T09:09:12.047" /><!-- duration: 16ms -->
    </step><!-- duration: 7808ms -->
    <step title="LockFile &apos;C:\home\site\locks\deployments.lock&apos; released" date="2025-10-16T09:09:12.109" /><!-- duration: 16ms -->
    <step title="Deleting shutdown sentinel file" date="2025-10-16T09:09:12.125" SemaphoreCount="8" /><!-- duration: 0ms -->
  </step><!-- duration: 15308ms -->
  <step title="Outgoing response" date="2025-10-16T09:09:12.250" type="response" statusCode="200" statusText="OK" Server="Microsoft-IIS/10.0" x-ms-request-id="b6d1de7b-aa6f-11f0-9e19-c4cb7696db44" Cache-Control="private" X-AspNet-Version="4.0.30319" /><!-- duration: 0ms -->
</step><!-- duration: 16657ms -->
