﻿<?xml version="1.0" encoding="utf-8"?>
<deployment>
  <id>4087ec162b2b469496f76f4a537eaab6</id>
  <author>N/A</author>
  <deployer>OneDeploy</deployer>
  <authorEmail>N/A</authorEmail>
  <message>OneDeploy</message>
  <progress></progress>
  <status>Success</status>
  <statusText></statusText>
  <lastSuccessEndTime>2026-01-21T09:05:21.0631466Z</lastSuccessEndTime>
  <receivedTime>2026-01-21T09:05:14.4827583Z</receivedTime>
  <startTime>2026-01-21T09:05:14.6716973Z</startTime>
  <endTime>2026-01-21T09:05:21.0631466Z</endTime>
  <complete>True</complete>
  <is_temp>False</is_temp>
  <is_readonly>True</is_readonly>
  <project_type>OneDeploy</project_type>
  <vsproject_id></vsproject_id>
</deployment>