﻿<?xml version="1.0" encoding="utf-8"?>
<deployment>
  <id>2cb3b8d9893644bea7198e953c569c2f</id>
  <author>N/A</author>
  <deployer>OneDeploy</deployer>
  <authorEmail>N/A</authorEmail>
  <message>OneDeploy</message>
  <progress></progress>
  <status>Success</status>
  <statusText></statusText>
  <lastSuccessEndTime>2025-10-16T08:44:05.6529336Z</lastSuccessEndTime>
  <receivedTime>2025-10-16T08:43:58.6076938Z</receivedTime>
  <startTime>2025-10-16T08:43:58.7658923Z</startTime>
  <endTime>2025-10-16T08:44:05.6529336Z</endTime>
  <complete>True</complete>
  <is_temp>False</is_temp>
  <is_readonly>True</is_readonly>
  <project_type>OneDeploy</project_type>
  <vsproject_id></vsproject_id>
</deployment>