﻿<?xml version="1.0" encoding="utf-8"?>
<deployment>
  <id>062ffd0c9afc4fa0a492aa45d5f3b8ef</id>
  <author>N/A</author>
  <deployer>OneDeploy</deployer>
  <authorEmail>N/A</authorEmail>
  <message>OneDeploy</message>
  <progress></progress>
  <status>Success</status>
  <statusText></statusText>
  <lastSuccessEndTime>2026-01-21T13:28:48.1868332Z</lastSuccessEndTime>
  <receivedTime>2026-01-21T13:28:41.2479523Z</receivedTime>
  <startTime>2026-01-21T13:28:41.7974426Z</startTime>
  <endTime>2026-01-21T13:28:48.1868332Z</endTime>
  <complete>True</complete>
  <is_temp>False</is_temp>
  <is_readonly>True</is_readonly>
  <project_type>OneDeploy</project_type>
  <vsproject_id></vsproject_id>
</deployment>