﻿<?xml version="1.0" encoding="utf-8"?>
<deployment>
  <id>fc72c37d13fd4baf955bc5e3258ebe73</id>
  <author>N/A</author>
  <deployer>OneDeploy</deployer>
  <authorEmail>N/A</authorEmail>
  <message>OneDeploy</message>
  <progress></progress>
  <status>Success</status>
  <statusText></statusText>
  <lastSuccessEndTime>2026-01-21T09:14:49.2449946Z</lastSuccessEndTime>
  <receivedTime>2026-01-21T09:14:41.2479061Z</receivedTime>
  <startTime>2026-01-21T09:14:41.4479616Z</startTime>
  <endTime>2026-01-21T09:14:49.2449946Z</endTime>
  <complete>True</complete>
  <is_temp>False</is_temp>
  <is_readonly>True</is_readonly>
  <project_type>OneDeploy</project_type>
  <vsproject_id></vsproject_id>
</deployment>