﻿<?xml version="1.0" encoding="utf-8"?>
<deployment>
  <id>d2e5ddd52ea14bf2b8c9512ae1cc821e</id>
  <author>N/A</author>
  <deployer>OneDeploy</deployer>
  <authorEmail>N/A</authorEmail>
  <message>OneDeploy</message>
  <progress></progress>
  <status>Success</status>
  <statusText></statusText>
  <lastSuccessEndTime>2026-01-21T13:11:24.3367746Z</lastSuccessEndTime>
  <receivedTime>2026-01-21T13:11:18.4102654Z</receivedTime>
  <startTime>2026-01-21T13:11:18.6404347Z</startTime>
  <endTime>2026-01-21T13:11:24.3367746Z</endTime>
  <complete>True</complete>
  <is_temp>False</is_temp>
  <is_readonly>True</is_readonly>
  <project_type>OneDeploy</project_type>
  <vsproject_id></vsproject_id>
</deployment>